{
  "baseline": {
    "overall": {
      "auc": 0.6322300596852957,
      "sensitivity": 0.5146198830409356,
      "specificity": 0.6494845360824743,
      "n": 656,
      "n_pos": 171,
      "auc_ci_lo": 0.5816487477547757,
      "auc_ci_hi": 0.6844408839045683
    },
    "light": {
      "auc": 0.6617892439994866,
      "sensitivity": 0.5714285714285714,
      "specificity": 0.6226415094339622,
      "n": 208,
      "n_pos": 49,
      "auc_ci_lo": 0.5699925143115038,
      "auc_ci_hi": 0.7531850499648568,
      "sens_ci_lo": 0.4339240183579806,
      "sens_ci_hi": 0.7000373134328356
    },
    "medium": {
      "auc": 0.6870852888816961,
      "sensitivity": 0.5,
      "specificity": 0.688622754491018,
      "n": 241,
      "n_pos": 74,
      "auc_ci_lo": 0.612642307642722,
      "auc_ci_hi": 0.7542237680209821,
      "sens_ci_lo": 0.38461538461538464,
      "sens_ci_hi": 0.6202640768223482
    },
    "dark": {
      "auc": 0.5402253668763104,
      "sensitivity": 0.4791666666666667,
      "specificity": 0.6352201257861635,
      "n": 207,
      "n_pos": 48,
      "auc_ci_lo": 0.43502670517915343,
      "auc_ci_hi": 0.6454720749598694,
      "sens_ci_lo": 0.3333333333333333,
      "sens_ci_hi": 0.6250612745098035
    }
  },
  "aug_only": {
    "overall": {
      "auc": 0.5799602098028576,
      "sensitivity": 0.49122807017543857,
      "specificity": 0.6597938144329897,
      "n": 656,
      "n_pos": 171,
      "auc_ci_lo": 0.5279304140987596,
      "auc_ci_hi": 0.6352180566592228
    },
    "light": {
      "auc": 0.6137851366961878,
      "sensitivity": 0.6326530612244898,
      "specificity": 0.5534591194968553,
      "n": 208,
      "n_pos": 49,
      "auc_ci_lo": 0.5217536888568671,
      "auc_ci_hi": 0.7045071185349474,
      "sens_ci_lo": 0.4915179898899792,
      "sens_ci_hi": 0.7659574468085106
    },
    "medium": {
      "auc": 0.5982359605114096,
      "sensitivity": 0.5,
      "specificity": 0.688622754491018,
      "n": 241,
      "n_pos": 74,
      "auc_ci_lo": 0.5139916722103137,
      "auc_ci_hi": 0.6848748805910698,
      "sens_ci_lo": 0.38961038961038963,
      "sens_ci_hi": 0.6119402985074627
    },
    "dark": {
      "auc": 0.5082547169811321,
      "sensitivity": 0.3333333333333333,
      "specificity": 0.7358490566037735,
      "n": 207,
      "n_pos": 48,
      "auc_ci_lo": 0.40825069837851335,
      "auc_ci_hi": 0.6097442182001004,
      "sens_ci_lo": 0.2,
      "sens_ci_hi": 0.46938775510204084
    }
  },
  "tone_only": {
    "overall": {
      "auc": 0.626888527159824,
      "sensitivity": 0.27485380116959063,
      "specificity": 0.8701030927835052,
      "n": 656,
      "n_pos": 171,
      "auc_ci_lo": 0.5746314270075499,
      "auc_ci_hi": 0.6765223707217328
    },
    "light": {
      "auc": 0.6240533949428828,
      "sensitivity": 0.3673469387755102,
      "specificity": 0.7861635220125787,
      "n": 208,
      "n_pos": 49,
      "auc_ci_lo": 0.5292962490811253,
      "auc_ci_hi": 0.7142215550993124,
      "sens_ci_lo": 0.2333139534883721,
      "sens_ci_hi": 0.5
    },
    "medium": {
      "auc": 0.660058261854669,
      "sensitivity": 0.24324324324324326,
      "specificity": 0.8922155688622755,
      "n": 241,
      "n_pos": 74,
      "auc_ci_lo": 0.5839347482051973,
      "auc_ci_hi": 0.7332304080359,
      "sens_ci_lo": 0.14812091503267974,
      "sens_ci_hi": 0.34147113306576105
    },
    "dark": {
      "auc": 0.5989255765199162,
      "sensitivity": 0.22916666666666666,
      "specificity": 0.9308176100628931,
      "n": 207,
      "n_pos": 48,
      "auc_ci_lo": 0.49999685771744595,
      "auc_ci_hi": 0.6971437899916809,
      "sens_ci_lo": 0.11426948051948052,
      "sens_ci_hi": 0.36
    }
  },
  "full": {
    "overall": {
      "auc": 0.6249351902092,
      "sensitivity": 0.3157894736842105,
      "specificity": 0.8536082474226804,
      "n": 656,
      "n_pos": 171,
      "auc_ci_lo": 0.5738329856290638,
      "auc_ci_hi": 0.6804448939812688
    },
    "light": {
      "auc": 0.6277756385573097,
      "sensitivity": 0.3469387755102041,
      "specificity": 0.7924528301886793,
      "n": 208,
      "n_pos": 49,
      "auc_ci_lo": 0.5297775409436994,
      "auc_ci_hi": 0.7181458699720419,
      "sens_ci_lo": 0.2127659574468085,
      "sens_ci_hi": 0.47058823529411764
    },
    "medium": {
      "auc": 0.6611102120084156,
      "sensitivity": 0.35135135135135137,
      "specificity": 0.9221556886227545,
      "n": 241,
      "n_pos": 74,
      "auc_ci_lo": 0.5787804868216496,
      "auc_ci_hi": 0.7415227268609117,
      "sens_ci_lo": 0.24357142857142858,
      "sens_ci_hi": 0.46577625570776243
    },
    "dark": {
      "auc": 0.5862159329140462,
      "sensitivity": 0.22916666666666666,
      "specificity": 0.8427672955974843,
      "n": 207,
      "n_pos": 48,
      "auc_ci_lo": 0.4902724277818371,
      "auc_ci_hi": 0.6803460430584318,
      "sens_ci_lo": 0.11627906976744186,
      "sens_ci_hi": 0.3513638638638638
    }
  }
}