variant,tone_group,auc,sensitivity,specificity,n,n_pos,auc_ci_lo,auc_ci_hi,sens_ci_lo,sens_ci_hi
full,overall,0.9194173673447642,0.8389057750759878,0.8230383973288815,1527,329,0.9042327628410552,0.9335887179721453,,
full,light,0.9358706986444213,0.8273809523809523,0.8554744525547445,853,168,0.9163268915844063,0.9533656744527755,0.7692307692307693,0.8823529411764706
full,medium,1.0,1.0,0.990990990990991,114,3,0.9999999999999999,1.0,1.0,1.0
full,dark,0.869355752881164,0.8481012658227848,0.7213930348258707,560,158,0.8329326568940468,0.9024132633375612,0.7867622549019607,0.9
