{
  "full": {
    "overall": {
      "auc": 0.9194173673447642,
      "sensitivity": 0.8389057750759878,
      "specificity": 0.8230383973288815,
      "n": 1527,
      "n_pos": 329,
      "auc_ci_lo": 0.9042327628410552,
      "auc_ci_hi": 0.9335887179721453
    },
    "light": {
      "auc": 0.9358706986444213,
      "sensitivity": 0.8273809523809523,
      "specificity": 0.8554744525547445,
      "n": 853,
      "n_pos": 168,
      "auc_ci_lo": 0.9163268915844063,
      "auc_ci_hi": 0.9533656744527755,
      "sens_ci_lo": 0.7692307692307693,
      "sens_ci_hi": 0.8823529411764706
    },
    "medium": {
      "auc": 1.0,
      "sensitivity": 1.0,
      "specificity": 0.990990990990991,
      "n": 114,
      "n_pos": 3,
      "auc_ci_lo": 0.9999999999999999,
      "auc_ci_hi": 1.0,
      "sens_ci_lo": 1.0,
      "sens_ci_hi": 1.0
    },
    "dark": {
      "auc": 0.869355752881164,
      "sensitivity": 0.8481012658227848,
      "specificity": 0.7213930348258707,
      "n": 560,
      "n_pos": 158,
      "auc_ci_lo": 0.8329326568940468,
      "auc_ci_hi": 0.9024132633375612,
      "sens_ci_lo": 0.7867622549019607,
      "sens_ci_hi": 0.9
    }
  }
}