{
  "baseline_balanced": {
    "overall": {
      "auc": 0.9021271393643031,
      "sensitivity": 0.78,
      "specificity": 0.863080684596577,
      "n": 1527,
      "n_pos": 300,
      "auc_ci_lo": 0.8831217848065759,
      "auc_ci_hi": 0.9199835898351886
    },
    "light": {
      "auc": 0.9259649122807018,
      "sensitivity": 0.7666666666666667,
      "specificity": 0.8805120910384068,
      "n": 853,
      "n_pos": 150,
      "auc_ci_lo": 0.9029117390701451,
      "auc_ci_hi": 0.9455735722594214,
      "sens_ci_lo": 0.695350262320461,
      "sens_ci_hi": 0.8285714285714286
    },
    "medium": {
      "auc": 1.0,
      "sensitivity": 1.0,
      "specificity": 0.990990990990991,
      "n": 114,
      "n_pos": 3,
      "auc_ci_lo": 0.9999999999999999,
      "auc_ci_hi": 1.0,
      "sens_ci_lo": 1.0,
      "sens_ci_hi": 1.0
    },
    "dark": {
      "auc": 0.8448716048162606,
      "sensitivity": 0.7891156462585034,
      "specificity": 0.7990314769975787,
      "n": 560,
      "n_pos": 147,
      "auc_ci_lo": 0.8017196195353005,
      "auc_ci_hi": 0.8805308646024665,
      "sens_ci_lo": 0.7183051328102845,
      "sens_ci_hi": 0.8521185839871442
    }
  }
}