image_id,ita,label,L,b
ISIC_0029176,75.76102447509766,0,73.38069915771484,5.93314790725708
ISIC_0029068,70.03397369384766,0,73.81124877929688,8.650595664978027
ISIC_0029836,-80.3084487915039,0,74.48402404785156,-4.1814141273498535
ISIC_0032129,-77.4225845336914,0,74.89988708496094,-5.555477142333984
ISIC_0027815,76.68510437011719,0,76.4932632446289,6.270015716552734
ISIC_0024324,-56.082664489746094,0,63.188880920410156,-8.8683500289917
ISIC_0029559,-64.94573974609375,0,63.10245895385742,-6.1248884201049805
ISIC_0025016,-62.320125579833984,0,62.93288040161133,-6.784125328063965
ISIC_0029147,-49.89072799682617,0,61.983551025390625,-10.09439468383789
ISIC_0027960,-70.05660247802734,0,58.68416976928711,-3.1510653495788574
ISIC_0026955,-79.93620300292969,0,62.60551834106445,-2.2371668815612793
ISIC_0029288,-84.0335922241211,0,59.26190185546875,-0.9679727554321289
ISIC_0031008,-75.78838348388672,0,60.88985824584961,-2.7579081058502197
ISIC_0030189,-69.5564193725586,0,58.76237487792969,-3.2662863731384277
ISIC_0026532,-49.07210540771485,0,58.333499908447266,-7.2258076667785645
ISIC_0029022,-81.41869354248047,0,60.95589828491211,-1.6532670259475708
ISIC_0032463,-52.45228958129883,0,58.71869659423828,-6.701626300811768
ISIC_0025548,-70.09446716308594,0,62.29087448120117,-4.450573921203613
ISIC_0032304,-57.02911758422852,0,62.915870666503906,-8.37833309173584
ISIC_0031639,-73.93878173828125,0,65.3687973022461,-4.424709320068359
ISIC_0032949,-65.81635284423828,0,58.291748046875,-3.7236180305480957
ISIC_0033322,-70.75831604003906,0,61.52891159057617,-4.024198532104492
ISIC_0033127,-78.49018859863281,0,67.31876373291016,-3.5266308784484863
ISIC_0030276,-82.1075668334961,0,63.7769775390625,-1.909857988357544
ISIC_0029929,82.19073486328125,0,65.44052124023438,2.1176304817199707
ISIC_0033437,-71.09435272216797,0,67.97187805175781,-6.15513277053833
ISIC_0033195,-85.06959533691406,0,83.81172180175781,-2.9167568683624268
ISIC_0032553,-82.52836608886719,0,75.24662780761719,-3.3110666275024414
ISIC_0033778,-67.66783905029297,0,69.75678253173828,-8.115796089172363
ISIC_0032863,-38.122013092041016,0,55.21235656738281,-6.642306804656982
ISIC_0034168,-60.56026458740234,0,64.31378173828125,-8.078485488891602
ISIC_0034070,-69.044189453125,0,64.12767028808594,-5.410604000091553
ISIC_0033709,-72.40744018554688,0,64.54003143310547,-4.610287666320801
ISIC_0033587,87.76936340332031,0,68.03622436523438,0.7025383710861206
ISIC_0032675,-86.00385284423828,0,74.69871520996094,-1.7254323959350586
ISIC_0033507,-87.5895004272461,0,55.33945846557617,-0.22476941347122192
ISIC_0033791,85.29167175292969,0,65.02928161621094,1.2378300428390503
ISIC_0032099,64.2628173828125,0,70.8120346069336,10.032793998718262
ISIC_0025157,79.4080581665039,0,73.42778778076172,4.380982875823975
ISIC_0031620,-81.23350524902344,0,72.55426788330078,-3.4780805110931396
ISIC_0025136,69.52059173583984,0,67.93385314941406,6.697844505310059
ISIC_0027218,76.89359283447266,0,73.55806732177734,5.484907150268555
ISIC_0032325,71.12934112548828,0,72.50648498535156,7.6928181648254395
ISIC_0027139,80.32023620605469,0,75.30084991455078,4.315554141998291
ISIC_0029394,88.43595123291016,0,73.47477722167969,0.6409655809402466
ISIC_0027739,-60.756961822509766,0,73.4447250366211,-13.125937461853027
ISIC_0027374,80.39581298828125,0,72.2582015991211,3.766361713409424
ISIC_0028336,89.36187744140625,0,70.09165954589844,0.22377456724643707
ISIC_0028970,66.93854522705078,0,59.18703079223633,3.911297082901001
ISIC_0027068,89.51089477539062,0,72.89030456542969,0.1954059898853302
ISIC_0027796,-75.33440399169922,0,70.43611145019531,-5.3481974601745605
ISIC_0026607,59.98783493041992,0,60.92696762084961,6.311785697937012
ISIC_0029062,83.5046157836914,0,72.48162078857422,2.5596210956573486
ISIC_0030095,78.68236541748047,0,68.26407623291016,3.655364513397217
ISIC_0031394,75.95745849609375,0,70.0097885131836,5.0047831535339355
ISIC_0026634,-88.28582000732422,0,61.114501953125,-0.3326234221458435
ISIC_0027454,86.04910278320312,0,66.306884765625,1.1262433528900146
ISIC_0026775,-77.55733489990234,0,63.71870803833008,-3.0269615650177
ISIC_0024773,89.6319808959961,0,68.14704132080078,0.11656149476766586
ISIC_0028846,-76.69770050048828,0,66.05360412597656,-3.7955894470214844
ISIC_0026159,66.9083251953125,0,72.4518814086914,9.572687149047852
ISIC_0026923,-78.72232055664062,0,69.23845672607422,-3.8364295959472656
ISIC_0025928,-60.11894607543945,0,65.92243194580078,-9.148792266845703
ISIC_0031819,-82.85356903076172,0,78.23954772949219,-3.540658712387085
ISIC_0032230,70.27072143554688,0,71.38851165771484,7.670526504516602
ISIC_0029525,67.69657897949219,0,71.1934814453125,8.693554878234863
ISIC_0029474,-71.33172607421875,0,57.21765899658203,-2.4385910034179688
ISIC_0032045,86.39588165283203,0,72.01773071289062,1.3868252038955688
ISIC_0024381,-74.29908752441406,0,64.13282012939453,-3.972799062728882
ISIC_0029991,-65.24496459960938,0,65.81416320800781,-7.292108535766602
ISIC_0029249,-88.99639892578125,0,63.44923782348633,-0.23560234904289246
ISIC_0030822,81.4100112915039,0,69.42338562011719,2.9340388774871826
ISIC_0029311,-68.01799774169922,0,65.0297622680664,-6.066923141479492
ISIC_0026895,84.93579864501953,0,70.136474609375,1.7844520807266235
ISIC_0025716,-75.54148864746094,0,66.82276916503906,-4.337669372558594
ISIC_0028750,79.55508422851562,0,70.57070922851562,3.792102575302124
ISIC_0030365,65.10539245605469,0,69.514892578125,9.05628490447998
ISIC_0027192,82.08206939697266,0,68.70181274414062,2.601055383682251
ISIC_0028840,81.14042663574219,0,67.89539337158203,2.7894062995910645
ISIC_0030683,86.7780990600586,0,67.2798843383789,0.9727188944816589
ISIC_0028237,-81.70886993408203,0,67.3918685913086,-2.534446954727173
ISIC_0029585,-63.35312271118164,0,71.71851348876953,-10.898052215576172
ISIC_0026290,-80.5079345703125,0,60.861854553222656,-1.816105604171753
ISIC_0029126,66.7498550415039,0,72.0271224975586,9.463659286499023
ISIC_0028702,-82.24725341796875,0,65.92477416992188,-2.168043375015259
ISIC_0029841,-89.57610321044922,0,69.08792114257812,-0.14122158288955688
ISIC_0030965,84.16093444824219,0,57.79610824584961,0.7972686290740967
ISIC_0031783,55.51305770874024,0,58.16832733154297,5.61119270324707
ISIC_0030137,67.13105010986328,0,62.1904182434082,5.141653060913086
ISIC_0026947,75.04785919189453,0,78.77719116210938,7.685066223144531
ISIC_0024839,88.47543334960938,0,73.5276107788086,0.626185417175293
ISIC_0030458,89.78607940673828,0,74.7764663696289,0.09250295162200928
ISIC_0024495,-81.7096176147461,0,74.6471176147461,-3.591400384902954
ISIC_0027018,-85.84017181396484,0,66.76077270507812,-1.2190192937850952
ISIC_0029384,-52.73515319824219,0,58.87202453613281,-6.750078201293945
ISIC_0031459,-87.9365463256836,0,67.64921569824219,-0.6358929872512817
ISIC_0024420,-78.64385986328125,0,70.1770248413086,-4.052331924438477
ISIC_0030801,-85.847900390625,0,74.25194549560547,-1.7605679035186768
ISIC_0029206,75.25100708007812,0,64.96504974365234,3.9396848678588867
ISIC_0031951,-76.6976547241211,0,67.26000213623047,-4.080836296081543
ISIC_0030310,82.2718734741211,0,62.187957763671875,1.653969168663025
ISIC_0030608,87.85273742675781,0,68.10629272460938,0.6788813471794128
ISIC_0030372,61.23374938964844,0,67.84864807128906,9.798688888549805
ISIC_0028404,60.27839660644531,0,70.67694854736328,11.804252624511719
ISIC_0029849,87.79499053955078,0,63.56297302246094,0.5222230553627014
ISIC_0027504,73.28815460205078,0,78.03557586669922,8.417387962341309
ISIC_0027094,-61.8496322631836,0,60.73540496826172,-5.744304180145264
ISIC_0028121,-46.721900939941406,0,55.62043380737305,-5.292373180389404
ISIC_0026015,-69.4085922241211,0,66.54136657714844,-6.214661121368408
ISIC_0025434,-57.37400436401367,0,60.74607467651367,-6.879275321960449
ISIC_0028165,66.70348358154297,0,62.83439636230469,5.526439666748047
ISIC_0027770,-88.62281799316406,0,61.41651916503906,-0.27446308732032776
ISIC_0027388,88.94798278808594,0,68.00325012207031,0.33059510588645935
ISIC_0029029,-81.90009307861328,0,68.16027069091797,-2.584559917449951
ISIC_0025038,-75.93527221679688,0,65.59464263916016,-3.9068973064422607
ISIC_0029927,-89.51012420654297,0,70.2428970336914,-0.17307771742343903
ISIC_0026567,83.96441650390625,0,69.25829315185547,2.0362191200256348
ISIC_0026912,62.104583740234375,0,54.84621047973633,2.565439462661743
ISIC_0027737,-54.538272857666016,0,62.89350128173828,-9.183855056762695
ISIC_0024774,-49.82021331787109,0,61.2375602722168,-9.489677429199219
ISIC_0031677,84.2466049194336,0,57.39873123168945,0.7454543113708496
ISIC_0025339,-76.57181549072266,0,67.10138702392578,-4.083017826080322
ISIC_0028876,-84.45855712890625,0,72.53917694091797,-2.1867287158966064
ISIC_0029527,-79.56429290771484,0,75.9596939086914,-4.781217575073242
ISIC_0028992,-55.620365142822266,0,59.422908782958984,-6.447087287902832
ISIC_0026351,-60.37633514404297,0,58.82307815551758,-5.017026424407959
ISIC_0027202,64.56757354736328,0,62.07750701904297,5.743196487426758
ISIC_0032498,86.50202941894531,0,59.657466888427734,0.5903313755989075
ISIC_0027083,68.76235961914062,0,60.097320556640625,3.924123525619507
ISIC_0029778,80.96881866455078,0,60.63285827636719,1.6900103092193604
ISIC_0027831,-82.04096984863281,0,59.97909164428711,-1.395192265510559
ISIC_0024770,-81.0542221069336,0,61.05784225463867,-1.7406634092330933
ISIC_0027559,-87.33673858642578,0,60.6812744140625,-0.49685153365135193
ISIC_0024408,81.02851867675781,0,58.815956115722656,1.3918122053146362
ISIC_0034315,-63.4376106262207,0,64.77014923095703,-7.384217262268066
ISIC_0032967,-66.77694702148438,0,68.78058624267578,-8.058313369750977
ISIC_0030630,-89.83906555175781,0,73.123046875,-0.06494788080453873
ISIC_0031428,-83.00192260742188,0,69.7535171508789,-2.4247519969940186
ISIC_0032681,-60.84388732910156,0,58.603031158447266,-4.799421310424805
ISIC_0033509,-85.1163330078125,0,61.1010856628418,-0.9485102891921997
ISIC_0032694,88.771484375,0,56.187461853027344,0.13268882036209106
ISIC_0034197,81.6006088256836,0,67.21565246582031,2.541999578475952
ISIC_0034057,75.00544738769531,0,63.51796340942383,3.62074875831604
ISIC_0032827,-71.24762725830078,0,69.14714813232422,-6.50045919418335
ISIC_0033022,-81.36637115478516,0,62.69503402709961,-1.9275662899017334
ISIC_0032835,69.26900482177734,0,59.71372985839844,3.6765224933624268
ISIC_0033480,-89.52626037597656,0,64.67434692382812,-0.1213337630033493
ISIC_0033528,-78.51602172851562,0,73.71879577636719,-4.81873083114624
ISIC_0033865,-79.38162994384766,0,75.25603485107422,-4.73491907119751
ISIC_0034296,80.03870391845703,0,66.08718872070312,2.8254001140594482
ISIC_0032763,89.93541717529297,0,58.49852752685547,0.009578349068760872
ISIC_0034291,83.5165023803711,0,70.80937194824219,2.3648552894592285
ISIC_0033784,86.13780975341797,0,67.22520446777344,1.1628748178482056
ISIC_0033307,85.41758728027344,0,65.89702606201172,1.2741312980651855
ISIC_0033169,-64.62227630615234,0,63.53767395019531,-6.421711444854736
ISIC_0032740,-64.46075439453125,0,67.79951477050781,-8.504903793334961
ISIC_0032113,57.45086288452149,0,62.95650100708008,8.269834518432617
ISIC_0029793,66.119873046875,0,72.46797943115234,9.947115898132324
ISIC_0026291,70.21861267089844,0,78.19705200195312,10.141216278076172
ISIC_0026846,38.37886047363281,0,58.38613510131836,10.588690757751465
ISIC_0030067,66.03477478027344,0,60.34774398803711,4.599586009979248
ISIC_0027041,30.013904571533203,0,58.202144622802734,14.198569297790527
ISIC_0029731,31.920095443725582,0,59.084110260009766,14.582829475402832
ISIC_0027275,53.64115524291992,0,68.28944396972656,13.463875770568848
ISIC_0030056,74.5746078491211,0,61.72109603881836,3.234117269515991
ISIC_0029195,34.61503982543945,0,57.59248733520508,10.999762535095215
ISIC_0030207,59.30524444580078,0,68.61861419677734,11.052618026733398
ISIC_0031223,46.85263442993164,0,68.2511978149414,17.107492446899414
ISIC_0030226,82.1879653930664,0,73.68663787841797,3.2497284412384033
ISIC_0025654,53.22984313964844,0,62.92681884765625,9.65999698638916
ISIC_0030583,75.0833511352539,0,69.63113403320312,5.229550838470459
ISIC_0032642,-72.5075454711914,0,64.35682678222656,-4.524611949920654
ISIC_0033790,-80.73819732666016,0,80.4471435546875,-4.965065002441406
ISIC_0033675,-73.72772979736328,0,72.3366928100586,-6.5199713706970215
ISIC_0027727,74.63134002685547,0,70.24712371826172,5.565067768096924
ISIC_0027107,72.68256378173828,0,67.53729248046875,5.468111038208008
ISIC_0027648,-89.04153442382812,0,68.22869110107422,-0.3049629032611847
ISIC_0032613,-67.79242706298828,0,71.51143646240234,-8.78196907043457
ISIC_0033256,-70.7317886352539,0,70.20529174804688,-7.06320858001709
ISIC_0025911,85.91146850585938,0,81.76042175292969,2.27022385597229
ISIC_0026629,88.4140853881836,0,70.62162780761719,0.5709404349327087
ISIC_0030417,-81.47193145751953,1,74.8978042602539,-3.733468770980835
ISIC_0028069,79.31053161621094,1,71.43940734863281,4.046934127807617
ISIC_0028579,86.0120620727539,1,70.7457504272461,1.4462934732437134
ISIC_0026150,89.56693267822266,1,71.93624114990234,0.16580571234226227
ISIC_0031642,-87.77742004394531,1,77.2494125366211,-1.0575683116912842
ISIC_0033186,-75.54660034179688,1,78.78937530517578,-7.420461654663086
ISIC_0032308,68.81581115722656,1,64.8358154296875,5.749722957611084
ISIC_0030445,-56.19266128540039,1,63.39045715332031,-8.966614723205566
ISIC_0026596,64.32440185546875,1,66.02100372314453,7.70198392868042
ISIC_0028056,69.81922149658203,1,76.2947006225586,9.664549827575684
ISIC_0024792,-80.64720153808594,1,65.92477416992188,-2.6228532791137695
ISIC_0030898,-81.97100830078125,1,61.15956497192383,-1.5741325616836548
ISIC_0025904,-87.33258056640625,1,60.02543258666992,-0.4670722782611847
ISIC_0032450,-78.67179107666016,1,59.028663635253906,-1.8087278604507446
ISIC_0031977,-63.69491958618164,1,64.68582916259766,-7.25980806350708
ISIC_0028519,38.38971328735352,1,54.82771682739258,6.0933098793029785
ISIC_0024767,35.47392654418945,1,55.07052993774414,7.115467548370361
ISIC_0031517,82.87510681152344,1,58.75461959838867,1.094307780265808
ISIC_0028022,-76.02967071533203,1,57.52165222167969,-1.8712177276611328
ISIC_0026369,-57.70446014404297,1,69.70393371582031,-12.4541597366333
ISIC_0030521,-60.44251251220703,1,62.869415283203125,-7.298218250274658
ISIC_0027651,-83.17330932617188,1,73.5816650390625,-2.823080062866211
ISIC_0030014,-89.01993560791016,1,66.6677474975586,-0.2851346433162689
ISIC_0024675,-65.88167572021484,1,72.2440185546875,-9.958768844604492
ISIC_0025891,-67.6529769897461,1,75.81640625,-10.612833976745605
ISIC_0027693,-81.50953674316406,1,64.45193481445312,-2.157395362854004
ISIC_0029017,84.65223693847656,1,69.23279571533203,1.800341248512268
ISIC_0031189,-79.52146911621094,1,67.34859466552734,-3.208646535873413
ISIC_0032190,-73.33492279052734,1,61.29454040527344,-3.3810222148895264
ISIC_0028219,-82.67094421386719,1,80.85368347167969,-3.968351364135742
ISIC_0026314,-87.2730712890625,1,81.56817626953125,-1.50358247756958
ISIC_0024875,84.99419403076172,1,58.731300354003906,0.764779269695282
ISIC_0026950,87.26079559326172,1,55.86700439453125,0.28070372343063354
ISIC_0033312,77.50491333007812,1,74.29368591308594,5.38359260559082
ISIC_0029726,-79.12234497070312,1,67.27328491210938,-3.3193206787109375
ISIC_0030324,51.22060394287109,1,63.86098098754883,11.136310577392578
ISIC_0033496,-62.95288848876953,1,62.32417678833008,-6.292247295379639
ISIC_0032927,-54.67713165283203,1,61.00935363769531,-7.801657676696777
ISIC_0024865,87.7512435913086,1,62.718055725097656,0.4994165897369385
ISIC_0025035,86.05447387695312,1,77.02686309814453,1.8640791177749634
ISIC_0033931,72.4831771850586,1,64.18110656738281,4.475862503051758
ISIC_0033834,-69.24417114257812,1,67.69817352294922,-6.7072954177856445
ISIC_0033678,-62.888580322265625,1,62.05781173706055,-6.173325061798096
ISIC_0034046,-68.61007690429688,1,63.686832427978516,-5.3610310554504395
ISIC_0032550,-59.02303695678711,1,60.10276412963867,-6.064826011657715
ISIC_0033700,-70.69508361816406,1,62.2452278137207,-4.2893967628479
ISIC_0033975,-58.09329605102539,1,60.20039367675781,-6.3508429527282715
ISIC_0033278,-57.13766479492188,1,60.6816291809082,-6.900304794311523
ISIC_0033679,-76.74331665039062,1,70.7367935180664,-4.885416030883789
ISIC_0029909,65.84423828125,1,75.04901885986328,11.23423957824707
ISIC_0034118,-72.52202606201172,1,60.471046447753906,-3.297081708908081
ISIC_0033476,-81.69905853271484,1,74.61930084228516,-3.591979742050171
ISIC_0033047,-82.39820861816406,1,70.05744171142578,-2.6768693923950195
ISIC_0025987,68.94764709472656,1,80.88087463378906,11.886443138122559
ISIC_0033946,-48.137306213378906,1,61.24602127075195,-10.07726001739502
ISIC_0033369,-55.80328369140625,1,65.7896499633789,-10.7293119430542
ISIC_0032447,86.16453552246094,1,81.82723236083984,2.133744716644287
ISIC_0033655,-81.1822509765625,1,83.0614013671875,-5.128658771514893
ISIC_0033831,-73.71855926513672,1,80.90587615966797,-9.026637077331543
ISIC_0033416,-68.08475494384766,1,68.23558044433594,-7.336291313171387
ISIC_0032662,-46.6710319519043,1,58.43199920654297,-7.95396089553833
ISIC_0033452,-59.37813186645508,1,62.24467468261719,-7.247786998748779
ISIC_0032733,-60.191627502441406,1,55.77537536621094,-3.308708429336548
ISIC_0033183,-72.7151870727539,1,63.01050567626953,-4.048538684844971
ISIC_0032564,-66.47093200683594,1,62.645896911621094,-5.506223201751709
ISIC_0033362,-89.12432861328125,1,77.18144226074219,-0.4154534339904785
ISIC_0032875,-62.23394775390625,1,63.203426361083984,-6.951379776000977
ISIC_0033802,-82.95963287353516,1,75.91131591796875,-3.2000415325164795
ISIC_0033429,-66.18911743164062,1,65.68196105957031,-6.920125484466553
ISIC_0033902,86.16447448730469,1,71.2877197265625,1.4271866083145142
ISIC_0032774,-87.35774993896484,1,68.43804168701172,-0.8508874773979187
ISIC_0033325,83.54907989501953,1,65.55180358886719,1.7584104537963867
ISIC_0034208,86.4197006225586,1,68.62871551513672,1.165585994720459
ISIC_0033068,-66.00331115722656,1,61.1876335144043,-4.980282783508301
ISIC_0034218,-62.66658020019531,1,65.05374145507812,-7.780932903289795
ISIC_0034263,-62.22840881347656,1,69.8333511352539,-10.444378852844238
ISIC_0033725,-82.4375991821289,1,68.97209930419922,-2.518744468688965
ISIC_0032537,-79.61988067626953,1,63.513511657714844,-2.475346803665161
ISIC_0033287,-75.69752502441406,1,60.9843864440918,-2.800386428833008
ISIC_0033286,-69.98554229736328,1,65.43305969238281,-5.621584415435791
ISIC_0032586,-70.24358367919922,1,63.35304641723633,-4.795917987823486
ISIC_0029209,-61.05815124511719,1,67.2830581665039,-9.55724048614502
ISIC_0033241,89.0986557006836,1,71.95977783203125,0.34548479318618774
ISIC_0032598,75.60299682617188,1,66.78861236572266,4.3096418380737305
ISIC_0034289,67.6896743774414,1,59.75669860839844,4.003567695617676
ISIC_0033687,54.95884704589844,1,59.68450164794922,6.791531562805176
ISIC_0034085,79.40530395507812,1,71.95750427246094,4.107131004333496
ISIC_0034132,-68.79423522949219,1,55.622615814208984,-2.18151593208313
ISIC_0033038,-73.01704406738281,1,63.846595764160156,-4.228824138641357
ISIC_0033883,-73.87229919433594,1,58.827884674072266,-2.5526626110076904
ISIC_0034145,87.3194580078125,1,66.63227081298828,0.7786957621574402
ISIC_0032981,-85.51594543457031,1,63.31897735595703,-1.044494867324829
ISIC_0034005,85.5587387084961,1,57.758113861083984,0.6025734543800354
ISIC_0032965,-80.86986541748047,1,67.70207977294922,-2.844964027404785
ISIC_0034242,62.159969329833984,1,61.82198715209961,6.2435832023620605
ISIC_0033117,65.24044036865234,1,64.83808898925781,6.843453884124756
ISIC_0033269,62.99884033203125,1,64.57356262207031,7.425971031188965
ISIC_0033042,87.21114349365234,1,67.36455535888672,0.8458825349807739
ISIC_0033324,72.35503387451172,1,56.228267669677734,1.9811015129089355
ISIC_0034316,79.80966186523438,1,61.19912338256836,2.0130889415740967
ISIC_0033710,84.76350402832031,1,66.157958984375,1.480865240097046
ISIC_0033081,-89.8512954711914,1,74.8990707397461,-0.06462091207504272
ISIC_0033387,-86.30707550048828,1,70.24967956542969,-1.3069740533828735
ISIC_0025592,75.78529357910156,1,74.21997833251953,6.1352081298828125
ISIC_0032552,79.57952880859375,1,72.79518127441406,4.192117214202881
ISIC_0034205,87.6314468383789,1,59.755889892578125,0.40352800488471985
ISIC_0033612,-86.97638702392578,1,71.62528991699219,-1.142267107963562
ISIC_0032730,-80.90850067138672,1,68.41043090820312,-2.9460723400115967
ISIC_0032709,-87.65972137451172,1,81.91687774658203,-1.3043849468231201
ISIC_0033206,-72.1346664428711,1,66.83815002441406,-5.427327632904053
ISIC_0033198,89.25924682617188,1,65.01519012451172,0.194136381149292
ISIC_0032790,85.70504760742188,1,77.93040466308594,2.0976216793060303
ISIC_0033245,-88.73593139648438,1,67.41820526123047,-0.3843451142311096
ISIC_0033670,-72.53438568115234,1,58.44538879394531,-2.6572470664978027
ISIC_0029740,86.94153594970703,1,66.14297485351562,0.8625342845916748
ISIC_0033593,85.95028686523438,1,62.57345199584961,0.8901829123497009
ISIC_0032672,-84.3677749633789,1,63.41087341308594,-1.3225629329681396
ISIC_0034076,-89.42233276367188,1,72.61936950683594,-0.22805850207805634
ISIC_0032862,-77.50285339355469,1,68.64839935302734,-4.133274555206299
ISIC_0033073,-67.00162506103516,1,62.53889465332031,-5.322021007537842
ISIC_0033696,-49.34375,1,56.16755294799805,-5.296751022338867
ISIC_0032807,-73.35323333740234,1,64.14380645751953,-4.229025840759277
ISIC_0032645,-69.40016174316406,1,63.5885124206543,-5.107541084289551
ISIC_0032960,-76.23200988769531,1,74.29621124267578,-5.953328609466553
ISIC_0033708,-76.81366729736328,1,75.58051300048828,-5.99341344833374
ISIC_0033752,-78.25579833984375,1,67.27217864990234,-3.5907912254333496
ISIC_0033424,-78.90679931640625,1,70.7376708984375,-4.066009998321533
ISIC_0032872,-88.50424194335938,1,82.74170684814453,-0.8549442291259766
ISIC_0033178,-89.5941390991211,1,83.61338806152344,-0.23810407519340515
ISIC_0028148,72.3391342163086,1,75.32060241699219,8.061779975891113
ISIC_0027069,54.355224609375,1,66.59638977050781,11.901474952697754
ISIC_0029092,53.31045150756836,1,61.48045349121094,8.554008483886719
ISIC_0032424,73.76600646972656,1,72.68199920654297,6.6043243408203125
ISIC_0028584,70.68851470947266,1,68.89285278320312,6.620436191558838
ISIC_0027622,74.37479400634766,1,75.0420150756836,7.003730297088623
ISIC_0026352,-83.18289184570312,1,72.37113189697266,-2.6743693351745605
ISIC_0024688,-84.72691345214844,1,71.15013885498047,-1.9520165920257568
ISIC_0025313,-83.56172180175781,1,74.68243408203125,-2.7852768898010254
ISIC_0025097,-87.99391174316406,1,66.8441390991211,-0.5900020599365234
ISIC_0031666,-85.1125259399414,1,66.75902557373047,-1.43306303024292
ISIC_0030756,76.79248046875,1,69.80924224853516,4.648956298828125
ISIC_0027561,-68.8763427734375,1,57.06340026855469,-2.728889226913452
ISIC_0029316,60.60951232910156,1,75.21276092529297,14.201146125793457
ISIC_0031999,58.173099517822266,1,68.11156463623047,11.241419792175293
ISIC_0032245,56.99803161621094,1,75.71676635742188,16.701929092407227
ISIC_0024644,18.960914611816406,1,55.54903793334961,16.151369094848633
ISIC_0029937,-74.47478485107422,1,72.93683624267578,-6.371814727783203
ISIC_0027171,-89.8681869506836,1,85.35981750488281,-0.08134593069553375
ISIC_0026207,-89.9285659790039,1,91.9884262084961,-0.05234437435865402
ISIC_0026094,53.11516952514648,1,66.25968170166016,12.201383590698242
ISIC_0028017,78.29166412353516,1,72.12532043457031,4.585291385650635
ISIC_0029033,-80.89639282226562,1,71.70429229736328,-3.477863311767578
ISIC_0028288,74.98052978515625,1,74.517578125,6.5783915519714355
ISIC_0025248,68.39618682861328,1,71.32234191894531,8.443751335144043
ISIC_0025800,84.62744140625,1,76.91847229003906,2.5315358638763428
ISIC_0025132,-89.79299926757812,1,69.32695770263672,-0.0698234960436821
ISIC_0029157,72.37747955322266,1,80.2745132446289,9.616737365722656
ISIC_0024952,72.81262969970703,1,71.9371109008789,6.785373210906982
ISIC_0025546,-86.12054443359375,1,67.70451354980469,-1.2005919218063354
ISIC_0031529,83.63394165039062,1,80.6944580078125,3.4245219230651855
ISIC_0027420,77.4098892211914,1,77.56201171875,6.155840873718262
ISIC_0024323,44.79264068603516,1,58.612548828125,8.6751127243042
ISIC_0027436,78.13448333740234,1,63.7703971862793,2.8932220935821533
ISIC_0032504,89.7822036743164,1,68.67096710205078,0.07097286731004715
ISIC_0027956,73.31279754638672,1,75.86930084228516,7.754865646362305
ISIC_0028227,88.56998443603516,1,72.38068389892578,0.5587043166160583
ISIC_0030695,80.46759796142578,1,74.937255859375,4.187562942504883
ISIC_0031203,79.06210327148438,1,78.39765930175781,5.488004207611084
ISIC_0030183,-58.6895637512207,1,59.329986572265625,-5.675048351287842
ISIC_0024679,74.58219909667969,1,71.85770416259766,6.027925491333008
ISIC_0031401,64.10794067382812,1,70.10498046875,9.759014129638672
ISIC_0030246,77.10282897949219,1,75.55866241455078,5.85237979888916
ISIC_0026558,73.73657989501953,1,72.8158950805664,6.6560211181640625
ISIC_0026735,84.35713195800781,1,75.9439468383789,2.5634243488311768
ISIC_0026045,-77.8459243774414,1,69.2103042602539,-4.137298583984375
ISIC_0028508,89.45769500732422,1,74.9002914428711,0.23568680882453918
ISIC_0028897,-76.44889831542969,1,61.925621032714844,-2.8743391036987305
ISIC_0028156,74.89026641845703,1,71.31940460205078,5.756300449371338
ISIC_0029570,-85.30549621582031,1,66.136474609375,-1.3250983953475952
ISIC_0024864,85.78645324707031,1,79.03443908691406,2.139054536819458
ISIC_0031957,65.7879638671875,1,68.88973236083984,8.494148254394531
ISIC_0026258,86.6304702758789,1,72.40513610839844,1.319154143333435
ISIC_0025235,84.84776306152344,1,72.7306137084961,2.0495433807373047
ISIC_0028075,-83.84941864013672,1,79.82235717773438,-3.213717460632324
ISIC_0026823,60.922157287597656,1,68.004150390625,10.011868476867676
ISIC_0027797,87.11944580078125,1,73.8530044555664,1.2002232074737549
ISIC_0026092,74.53755187988281,0,74.74496459960938,6.844917297363281
ISIC_0024904,77.53263854980469,0,72.72835540771484,5.02517032623291
ISIC_0028163,76.87784576416016,0,71.91153717041016,5.107903480529785
ISIC_0024669,75.45044708251953,0,72.25863647460938,5.777016639709473
ISIC_0031217,-57.25436782836914,0,68.53407287597656,-11.919510841369629
ISIC_0025599,-61.06683349609375,0,74.1093978881836,-13.327323913574219
ISIC_0025578,-77.94461059570312,0,78.01309967041016,-5.982677936553955
ISIC_0029448,-77.0567626953125,0,78.36860656738281,-6.519811153411865
ISIC_0027903,-89.44116973876953,0,77.53092193603516,-0.26852476596832275
ISIC_0033031,81.77445220947266,0,74.30973052978516,3.5141494274139404
ISIC_0032775,82.95005798339844,0,72.08097076416016,2.7307419776916504
ISIC_0033458,80.80957794189453,0,72.51220703125,3.6423192024230957
ISIC_0033135,85.81834411621094,0,60.63886260986328,0.7778432369232178
ISIC_0032538,85.1011962890625,0,63.67915344238281,1.1724284887313843
ISIC_0033591,86.78328704833984,0,61.642730712890625,0.6543357968330383
ISIC_0033749,-78.8785171508789,0,72.81229400634766,-4.4844746589660645
ISIC_0034196,-79.08463287353516,0,73.95844268798828,-4.620330333709717
ISIC_0024747,-87.39679718017578,0,56.41372299194336,-0.2916030287742615
ISIC_0031346,-57.65938186645508,0,57.437355041503906,-4.709090709686279
ISIC_0027210,-85.4082260131836,0,72.12571716308594,-1.776993751525879
ISIC_0025924,83.43207550048828,0,71.0818099975586,2.427288055419922
ISIC_0026336,83.37484741210938,0,75.97107696533203,3.016509771347046
ISIC_0031706,81.19393157958984,0,73.8827133178711,3.6998305320739746
ISIC_0025677,84.20112609863281,0,70.15106964111328,2.0464699268341064
ISIC_0027522,50.02904891967773,0,66.6608657836914,13.965733528137207
ISIC_0031215,58.2474250793457,0,64.13628387451172,8.748679161071777
ISIC_0028431,68.23347473144531,0,72.47173309326172,8.972823143005371
ISIC_0025250,-87.59288787841797,0,59.35763931274414,-0.39336439967155457
ISIC_0029099,86.33837127685547,0,71.8463134765625,1.3980450630187988
ISIC_0026760,-77.46465301513672,1,70.60639953613281,-4.581666946411133
ISIC_0025718,85.95230102539062,1,67.25372314453125,1.2209322452545166
ISIC_0030261,78.75599670410156,1,77.84156036376953,5.534997940063477
ISIC_0028085,-85.35752868652344,1,74.44365692138672,-1.9849302768707275
ISIC_0025691,-84.34722137451172,1,69.2022933959961,-1.9006590843200684
ISIC_0031943,60.98625564575195,1,71.2300033569336,11.774638175964355
ISIC_0027865,68.10822296142578,1,69.47901153564453,7.827262878417969
ISIC_0030271,47.87078857421875,1,58.194236755371094,7.411648750305176
ISIC_0026643,89.58594512939453,1,59.375545501708984,0.06775429099798203
ISIC_0030687,-84.4956283569336,1,67.480712890625,-1.6845476627349854
ISIC_0025584,87.02875518798828,1,70.24696350097656,1.0509077310562134
ISIC_0026593,85.24225616455078,1,70.49034881591797,1.7054015398025513
ISIC_0027774,80.20649719238281,1,71.1213150024414,3.6458184719085693
ISIC_0031824,87.01961517333984,1,69.24732208251953,1.002099633216858
ISIC_0030145,81.63037872314453,1,68.71400451660156,2.753303289413452
ISIC_0025557,-87.59441375732422,1,62.89130783081055,-0.5415648818016052
ISIC_0028323,-76.92113494873047,1,60.4962043762207,-2.438462734222412
ISIC_0031272,-79.29537200927734,1,64.4629135131836,-2.7340080738067627
ISIC_0027544,75.63875579833984,1,71.54905700683594,5.5173234939575195
ISIC_0034058,-75.99497985839844,1,74.38155364990234,-6.081274032592773
ISIC_0033001,-75.87841033935547,1,78.33238220214844,-7.127949237823486
ISIC_0032652,84.97113037109375,1,71.21211242675781,1.8665889501571655
ISIC_0033551,85.48080444335938,1,71.18018341064453,1.674055814743042
ISIC_0033571,76.80029296875,1,63.450260162353516,3.1546576023101807
ISIC_0033203,-89.60528564453125,1,77.57502746582031,-0.1899663507938385
ISIC_0033366,-74.1451644897461,1,72.39559173583984,-6.36046838760376
ISIC_0032816,-84.87450408935547,1,76.1618881225586,-2.3466219902038574
ISIC_0033372,-81.04733276367188,1,65.77145385742188,-2.484598159790039
ISIC_0034066,-79.10929870605469,1,63.65534973144531,-2.6273069381713867
ISIC_0029564,72.42798614501953,1,75.17327880859375,7.971905708312988
ISIC_0027814,83.1586685180664,1,75.62003326416016,3.0737478733062744
ISIC_0028677,75.0502700805664,1,71.92172241210938,5.853292942047119
ISIC_0028818,78.96220397949219,1,68.9654541015625,3.6994926929473877
ISIC_0027601,78.42253875732422,1,70.16709899902344,4.131443977355957
ISIC_0028570,63.57199478149414,1,71.94876861572266,10.908833503723145
ISIC_0026988,59.66485977172852,1,65.1956787109375,8.892142295837402
ISIC_0025144,73.3733139038086,1,73.60255432128906,7.048198699951172
ISIC_0030644,-87.3546142578125,1,73.63249206542969,-1.0919036865234375
ISIC_0030737,80.101806640625,1,68.44615936279297,3.2187676429748535
ISIC_0030511,80.74262237548828,1,76.59947204589844,4.33551549911499
ISIC_0026855,-83.58415985107422,1,69.43985748291016,-2.1859683990478516
ISIC_0026968,83.03682708740234,1,68.26380157470703,2.2305970191955566
ISIC_0028107,81.35059356689453,1,69.81356811523438,3.0139992237091064
ISIC_0028989,-89.26425170898438,1,70.83489990234375,-0.267559289932251
ISIC_0028815,-85.35636138916016,1,76.65470123291016,-2.1650161743164062
ISIC_0030181,-81.51667022705078,1,65.55783081054688,-2.320502519607544
ISIC_0031925,-72.72393035888672,1,76.57769775390625,-8.265851974487305
ISIC_0029524,-84.58262634277344,1,68.27125549316406,-1.7327313423156738
ISIC_0028050,59.76447296142578,1,75.79141998291016,15.032383918762207
ISIC_0031063,-88.7269515991211,1,71.44059753417969,-0.4764622151851654
ISIC_0028877,64.10677337646484,1,70.54216003417969,9.971735000610352
ISIC_0024461,82.5159912109375,1,76.92127990722656,3.5366108417510986
ISIC_0030526,76.85224914550781,1,77.52214813232422,6.428786754608154
ISIC_0025530,-83.59980010986328,1,77.35025787353516,-3.0679147243499756
ISIC_0027038,51.14712524414063,1,70.68047332763672,16.658967971801758
ISIC_0032030,46.68108749389648,1,65.47913360595703,14.596440315246582
ISIC_0031651,80.714111328125,1,76.4547348022461,4.325438022613525
ISIC_0024564,-86.82561492919922,1,78.58294677734375,-1.585214614868164
ISIC_0025322,-87.8489761352539,1,83.623046875,-1.2628827095031738
ISIC_0026829,63.267425537109375,1,68.46728515625,9.30123519897461
ISIC_0029545,-69.88180541992188,1,70.5635986328125,-7.532608985900879
ISIC_0030249,75.04400634765625,1,70.99060821533203,5.607137680053711
ISIC_0028687,76.8118896484375,1,69.75630187988281,4.629469871520996
ISIC_0027120,-75.56375885009766,1,71.54622650146484,-5.546659469604492
ISIC_0031263,-73.07614135742188,1,68.53121185302734,-5.6386399269104
ISIC_0032316,85.47742462158203,1,70.51410675048828,1.6226264238357544
ISIC_0025843,33.877784729003906,0,63.196651458740234,19.6551513671875
ISIC_0025384,53.900691986083984,0,70.45921325683594,14.918734550476074
ISIC_0029624,27.54269790649414,0,62.52133560180664,24.00955581665039
ISIC_0026555,55.79718017578125,0,70.147216796875,13.693483352661133
ISIC_0031282,41.913795471191406,0,68.25517272949219,20.335874557495117
ISIC_0032060,71.2316665649414,0,79.72369384765625,10.100439071655273
ISIC_0027315,49.970703125,0,71.65481567382812,18.189416885375977
ISIC_0026824,67.62495422363281,0,80.10489654541016,12.392999649047852
ISIC_0031184,70.6578369140625,0,69.38995361328125,6.806282997131348
ISIC_0025398,32.283660888671875,0,64.52373504638672,22.98879051208496
ISIC_0030993,12.930397987365724,0,54.10865783691406,17.895709991455078
ISIC_0031974,30.911237716674805,0,64.61530303955078,24.409500122070312
ISIC_0024376,46.27793502807617,0,62.489463806152344,11.944395065307617
ISIC_0031486,24.56615447998047,0,60.62127685546875,23.235109329223633
ISIC_0030072,-79.83161163330078,0,65.83090209960938,-2.8394124507904053
ISIC_0031845,74.40753173828125,0,78.26795959472656,7.888549327850342
ISIC_0030148,71.33446502685547,0,78.41503143310547,9.598910331726074
ISIC_0027974,87.92432403564453,0,74.93500518798828,0.9037237167358398
ISIC_0025528,12.88402271270752,0,54.99995040893555,21.85892105102539
ISIC_0027000,27.24115753173828,0,58.53095626831055,16.57016372680664
ISIC_0031833,84.0262680053711,0,65.41710662841797,1.6132566928863525
ISIC_0028289,37.35270690917969,0,55.933677673339844,7.774209499359131
ISIC_0025053,37.54661178588867,0,67.05634307861328,22.19085693359375
ISIC_0026948,59.47061920166016,0,71.19499969482422,12.499449729919434
ISIC_0024327,65.71076202392578,0,66.94760131835938,7.648306369781494
ISIC_0028339,53.27976608276367,0,68.61187744140625,13.883097648620605
ISIC_0027170,-88.35079193115234,0,65.85711669921875,-0.4565570056438446
ISIC_0027703,39.445613861083984,0,64.14408874511719,17.19135284423828
ISIC_0029966,18.223234176635746,0,56.95063781738281,21.11162757873535
ISIC_0024945,17.614795684814453,0,55.716468811035156,18.00446128845215
ISIC_0024407,60.720829010009766,0,69.61180877685547,10.996257781982422
ISIC_0026806,68.78136444091797,0,79.07308197021484,11.287579536437988
ISIC_0032211,34.22915267944336,0,59.21144485473633,13.539403915405273
ISIC_0029290,73.1566390991211,0,66.97473907470703,5.138992786407471
ISIC_0028034,74.61678314208984,0,66.87964630126953,4.644110679626465
ISIC_0029336,83.50736999511719,0,70.68338012695312,2.353876829147339
ISIC_0024980,71.73845672607422,0,71.390625,7.058347225189209
ISIC_0032100,22.776657104492188,0,56.92753982543945,16.498767852783203
ISIC_0030214,38.18446350097656,0,65.09326171875,19.19081687927246
ISIC_0031099,7.51132345199585,0,51.78712463378906,13.553802490234375
ISIC_0028639,17.997600555419922,0,55.79688262939453,17.8435115814209
ISIC_0027912,51.164527893066406,0,70.37178802490234,16.400110244750977
ISIC_0024746,14.973508834838867,0,54.759334564208984,17.795000076293945
ISIC_0029463,42.48673248291016,0,70.98722076416016,22.914182662963867
ISIC_0032025,58.31021118164063,0,69.94214630126953,12.311605453491211
ISIC_0025922,68.65853881835938,0,68.71851348876953,7.313650608062744
ISIC_0030903,44.92614364624024,0,69.14834594726562,19.197765350341797
ISIC_0028962,41.85538101196289,0,68.69091033935547,20.864013671875
ISIC_0025205,31.40188217163086,0,61.48426055908203,18.812854766845703
ISIC_0030322,54.1662712097168,0,74.8369369506836,17.935195922851562
ISIC_0026562,62.49029159545898,0,73.56754302978516,12.273553848266602
ISIC_0028270,35.390968322753906,0,61.67949676513672,16.440139770507812
ISIC_0027124,46.20191955566406,0,66.0420150756836,15.382704734802246
ISIC_0027816,37.68649673461914,0,63.243446350097656,17.143360137939453
ISIC_0025366,82.88800048828125,0,78.93762969970703,3.6105239391326904
ISIC_0031229,36.95467758178711,0,64.42137908935547,19.169353485107422
ISIC_0024692,28.58222198486328,0,61.20711135864258,20.570463180541992
ISIC_0029729,58.90095138549805,0,73.19347381591797,13.990665435791016
ISIC_0028137,55.45643615722656,0,58.042606353759766,5.536545753479004
ISIC_0028805,30.971996307373047,0,62.93104934692383,21.544721603393555
ISIC_0030302,31.084251403808597,0,63.06541061401367,21.67222785949707
ISIC_0032453,72.8774185180664,0,70.02992248535156,6.170648574829102
ISIC_0025041,61.02773666381836,0,68.55546569824219,10.273716926574707
ISIC_0027763,55.83270263671875,0,68.10317993164062,12.287802696228027
ISIC_0031174,66.80402374267578,0,69.59305572509766,8.395965576171875
ISIC_0029822,46.437870025634766,0,63.94646453857422,13.263470649719238
ISIC_0026986,74.00041198730469,0,69.28323364257812,5.529228687286377
ISIC_0026836,20.053749084472656,0,58.9752311706543,24.587440490722656
ISIC_0028694,60.20281982421875,0,60.20091247558594,5.8414506912231445
ISIC_0029701,28.06002426147461,0,64.93614196777344,28.019956588745117
ISIC_0026185,64.09900665283203,0,76.67098236083984,12.951305389404297
ISIC_0029317,75.54322052001953,0,77.35519409179688,7.052526473999023
ISIC_0030797,-78.32835388183594,0,75.441162109375,-5.255483627319336
ISIC_0026594,59.17156600952149,0,64.02940368652344,8.372645378112793
ISIC_0026936,27.031457901000977,0,63.4044303894043,26.27199935913086
ISIC_0029619,29.39035987854004,0,57.60843276977539,13.508105278015137
ISIC_0029410,70.26139831542969,0,69.12564849853516,6.862512111663818
ISIC_0028044,63.86384963989258,0,75.98947143554688,12.752445220947266
ISIC_0032426,67.46529388427734,0,76.7254638671875,11.089024543762207
ISIC_0026366,11.619060516357422,0,53.268131256103516,15.894208908081055
ISIC_0027251,69.29035186767578,0,69.24095153808594,7.274253845214844
ISIC_0031995,37.09687423706055,0,56.81315231323242,9.009639739990234
ISIC_0028572,67.2559814453125,0,71.29840850830078,8.928548812866211
ISIC_0028933,61.54973220825195,0,67.43074798583984,9.444537162780762
ISIC_0027356,30.435081481933597,0,59.0692138671875,15.436443328857422
ISIC_0032193,64.12103271484375,0,75.2801513671875,12.263909339904785
ISIC_0030944,57.76702499389648,0,71.63152313232422,13.639492988586426
ISIC_0024887,86.52626037597656,0,77.81916809082031,1.6886953115463257
ISIC_0030400,69.06965637207031,0,74.59298706054688,9.406072616577148
ISIC_0024985,60.89902877807617,0,72.48506927490234,12.515524864196777
ISIC_0024856,67.17058563232422,0,71.01349639892578,8.845954895019531
ISIC_0031038,69.86567687988281,0,72.91536712646484,8.401399612426758
ISIC_0030049,75.24755096435547,0,74.79863739013672,6.530070781707764
ISIC_0027106,-80.23477935791016,0,72.1117935180664,-3.8055477142333984
ISIC_0031392,80.16020965576172,0,76.56489562988281,4.607553958892822
ISIC_0025947,-89.24698638916016,0,80.60796356201172,-0.40228918194770813
ISIC_0025084,81.90064239501953,0,71.32534790039062,3.0348000526428223
ISIC_0029972,75.44519805908203,0,57.46785354614258,1.9389396905899048
ISIC_0027373,81.2621841430664,0,66.10206604003906,2.474836826324463
ISIC_0032073,36.04130172729492,0,64.82190704345703,20.369699478149414
ISIC_0027166,62.76839065551758,0,70.50455474853516,10.552209854125977
ISIC_0025544,51.66915893554688,0,63.47813415527344,10.656171798706055
ISIC_0027485,54.96421813964844,0,73.00090026855469,16.12681770324707
ISIC_0031437,39.39008331298828,0,62.831748962402344,15.6271390914917
ISIC_0026620,46.0698356628418,0,68.40751647949219,17.73263168334961
ISIC_0031661,84.94326782226562,0,67.14578247070312,1.5171685218811035
ISIC_0026051,54.21912384033203,0,61.87398147583008,8.557764053344727
ISIC_0028299,61.78879165649414,0,64.4828872680664,7.769308567047119
ISIC_0030943,47.41096115112305,0,71.3663558959961,19.639827728271484
ISIC_0026540,83.48949432373047,0,72.8810806274414,2.6112165451049805
ISIC_0025607,34.37752914428711,0,59.300594329833984,13.594619750976562
ISIC_0025678,10.539487838745115,0,53.795494079589844,20.40015983581543
ISIC_0028062,39.56325149536133,0,56.47858810424805,7.841506004333496
ISIC_0024492,11.08865737915039,0,52.24629592895508,11.461494445800781
ISIC_0027935,60.18721389770508,0,75.58822631835938,14.662102699279785
ISIC_0030734,24.282697677612305,0,60.130897521972656,22.45551300048828
ISIC_0025146,50.39596939086914,0,70.31989288330078,16.812477111816406
ISIC_0028160,70.49909973144531,0,67.29037475585938,6.12315034866333
ISIC_0028821,-16.192922592163086,0,46.2578239440918,12.886595726013184
ISIC_0029697,37.068016052246094,0,63.79099655151367,18.256135940551758
ISIC_0026910,32.750911712646484,0,63.87329864501953,21.567707061767578
ISIC_0030374,29.28345489501953,0,56.59088134765625,11.752766609191895
ISIC_0027621,58.38999176025391,0,72.51078796386719,13.854147911071777
ISIC_0028375,49.470680236816406,0,64.9535140991211,12.78475284576416
ISIC_0024501,61.65689468383789,0,72.3841781616211,12.074369430541992
ISIC_0030524,51.39845657348633,0,64.80223083496094,11.817122459411621
ISIC_0031190,82.74152374267578,0,77.7138442993164,3.529813289642334
ISIC_0026032,57.77202987670898,0,67.92687225341797,11.301375389099121
ISIC_0026740,50.27568817138672,0,65.72064971923828,13.062800407409668
ISIC_0026812,85.39781951904297,0,74.78858947753906,1.9953871965408325
ISIC_0026129,83.57791137695312,0,70.21955108642578,2.275876998901367
ISIC_0030461,81.23428344726562,0,72.02787780761719,3.3965952396392822
ISIC_0031176,55.74915313720703,0,65.54965209960938,10.587722778320312
ISIC_0030174,86.44190979003906,0,76.4240493774414,1.643057107925415
ISIC_0026144,80.22531127929688,0,55.750892639160156,0.9907369017601013
ISIC_0031367,75.59534454345703,0,69.89984130859375,5.1111345291137695
ISIC_0028177,62.49553680419922,0,71.15438079833984,11.014366149902344
ISIC_0031231,64.15796661376953,0,69.7838363647461,9.581787109375
ISIC_0026449,-78.4073257446289,0,83.53827667236328,-6.879953384399414
ISIC_0026364,85.42993927001953,0,71.20374298095703,1.6948604583740234
ISIC_0030407,79.45674896240234,0,69.06659698486328,3.5486762523651123
ISIC_0032188,88.38301849365234,0,67.85917663574219,0.504148542881012
ISIC_0025822,62.38069534301758,0,61.694580078125,6.118797302246094
ISIC_0028912,85.21040344238281,0,73.50521087646484,1.9694881439208984
ISIC_0027541,77.32386779785156,0,71.89617919921875,4.924931049346924
ISIC_0026173,66.27464294433594,0,66.2067642211914,7.12283182144165
ISIC_0032487,61.79952621459961,0,71.23461151123047,11.386116981506348
ISIC_0026715,76.55587768554688,0,74.38472747802734,5.829107761383057
ISIC_0024585,38.18117141723633,0,65.0328369140625,19.11625099182129
ISIC_0031156,57.1978759765625,0,65.01835632324219,9.679457664489746
ISIC_0029492,52.42080307006836,0,68.63385772705078,14.339223861694336
ISIC_0027110,45.23383331298828,0,66.94523620605469,16.807483673095703
ISIC_0026515,82.5062026977539,0,60.06259536743164,1.323656678199768
ISIC_0030262,53.611209869384766,0,73.53095245361328,17.341394424438477
ISIC_0029181,62.02409744262695,0,74.28050231933594,12.89707088470459
ISIC_0032399,56.44404220581055,0,72.57905578613281,14.976483345031738
ISIC_0029639,70.07350158691406,0,65.42240905761719,5.5908989906311035
ISIC_0030560,61.67426300048828,0,61.32605743408203,6.105013370513916
ISIC_0026908,72.2394790649414,0,63.82279968261719,4.427510738372803
ISIC_0030141,83.96937561035156,0,73.8943099975586,2.524306058883667
ISIC_0026385,-85.92125701904297,0,66.69084167480469,-1.1901898384094238
ISIC_0028021,73.31084442138672,0,63.022132873535156,3.904136896133423
ISIC_0030545,63.941707611083984,0,69.54927825927734,9.559455871582031
ISIC_0028088,82.81206512451172,0,70.15713500976562,2.5421242713928223
ISIC_0027357,41.424076080322266,0,62.92581558227539,14.649046897888184
ISIC_0025164,82.92120361328125,0,72.31998443603516,2.7717108726501465
ISIC_0024807,80.2621841430664,0,61.591365814208984,1.9892219305038452
ISIC_0029688,65.96623992919922,0,63.461063385009766,6.002755641937256
ISIC_0032080,51.13882446289063,0,69.82732391357422,15.976465225219727
ISIC_0025894,78.72611999511719,0,62.392852783203125,2.470459461212158
ISIC_0028279,26.187715530395508,0,60.503807067871094,21.35812759399414
ISIC_0030692,62.75362396240234,0,66.69727325439453,8.598322868347168
ISIC_0024395,87.20072174072266,0,73.66889953613281,1.1573011875152588
ISIC_0026791,52.46834945678711,0,63.43531036376953,10.321073532104492
ISIC_0029088,69.72132873535156,0,61.68793487548828,4.318551063537598
ISIC_0028474,79.31378173828125,0,73.12842559814453,4.3643975257873535
ISIC_0025379,45.53633880615234,0,65.2989273071289,15.015151977539062
ISIC_0027731,69.00550842285156,0,75.77091217041016,9.889678955078125
ISIC_0025036,63.974308013916016,0,69.22541809082031,9.387535095214844
ISIC_0029128,27.276390075683597,0,56.37138366699219,12.356820106506348
ISIC_0031693,42.68562316894531,0,58.70606994628906,9.439427375793457
ISIC_0026407,48.8867301940918,0,60.97049331665039,9.574646949768066
ISIC_0028392,68.52828216552734,0,73.1488037109375,9.105359077453613
ISIC_0025968,-83.7371826171875,0,58.232337951660156,-0.903450071811676
ISIC_0026727,57.17910003662109,0,72.19314575195312,14.31396198272705
ISIC_0031004,56.13962936401367,0,76.21902465820312,17.592132568359375
ISIC_0024393,54.88788986206055,0,68.2891616821289,12.859601974487305
ISIC_0025404,54.69414520263672,0,70.90266418457031,14.803122520446777
ISIC_0025296,69.53326416015625,0,71.64674377441406,8.079063415527344
ISIC_0032320,71.98914337158203,0,70.50808715820312,6.667776107788086
ISIC_0026200,81.30127716064453,0,69.6184310913086,3.0015926361083984
ISIC_0028427,-89.39115142822266,0,67.14958190917969,-0.182244673371315
ISIC_0025236,85.53050994873047,0,58.87600326538086,0.69380122423172
ISIC_0028695,35.54966735839844,0,61.21952819824219,15.700377464294434
ISIC_0030614,68.31812286376953,0,67.96149444580078,7.141164302825928
ISIC_0031535,25.50892639160156,0,59.64496612548828,20.213008880615234
ISIC_0025183,71.69706726074219,0,70.94893646240234,6.929388999938965
ISIC_0027353,70.15199279785156,0,68.79763793945312,6.7853617668151855
ISIC_0024794,21.89698028564453,0,58.116825103759766,20.19432830810547
ISIC_0028284,58.96686935424805,0,64.26576232910156,8.582966804504395
ISIC_0027857,53.56215286254883,0,68.13614654541016,13.389619827270508
ISIC_0024685,80.40496063232422,0,63.16131591796875,2.224898099899292
ISIC_0024306,45.78650665283203,0,65.56712341308594,15.145506858825684
ISIC_0025626,68.97771453857422,0,72.23330688476562,8.544485092163086
ISIC_0026062,61.064727783203125,0,74.09292602539062,13.319365501403809
ISIC_0026896,50.27687454223633,0,71.05736541748047,17.49652099609375
ISIC_0028674,26.08201026916504,0,54.92570495605469,10.062600135803223
ISIC_0027740,74.33726501464844,0,68.43508911132812,5.168930530548096
ISIC_0025951,68.12381744384766,0,71.49775695800781,8.631661415100098
ISIC_0028192,72.56993865966797,0,74.85465240478516,7.803295612335205
ISIC_0025125,74.09114837646484,0,69.61646270751953,5.5911712646484375
ISIC_0025561,75.17041778564453,0,70.76966094970703,5.499050617218018
ISIC_0029806,29.892717361450195,0,61.790809631347656,20.510862350463867
ISIC_0030863,68.14627075195312,0,67.25174713134766,6.918975830078125
ISIC_0029106,87.87738037109375,0,71.22977447509766,0.7868510484695435
ISIC_0025817,67.18022918701172,0,67.78304290771484,7.48253059387207
ISIC_0029722,52.10359954833984,0,69.75981903076172,15.380603790283203
ISIC_0027682,83.56598663330078,0,67.16716766357422,1.9359244108200073
ISIC_0029485,37.38221740722656,0,63.86598587036133,18.147626876831055
ISIC_0031525,88.42568969726562,0,72.5862045288086,0.620754063129425
ISIC_0030867,29.577531814575195,0,56.98911666870117,12.314310073852539
ISIC_0025754,35.45970916748047,0,65.67095184326172,22.0025691986084
ISIC_0031348,63.64664840698242,0,73.29681396484375,11.54101276397705
ISIC_0028207,73.05998992919922,0,74.52537536621094,7.470085144042969
ISIC_0032268,55.92758560180664,0,67.2550048828125,11.67039680480957
ISIC_0026904,39.2928466796875,0,61.360740661621094,13.883641242980957
ISIC_0024455,75.98117065429688,0,72.76261901855469,5.683302402496338
ISIC_0031782,78.03031158447266,0,73.21282196044922,4.921199798583984
ISIC_0026975,81.68798065185547,0,70.80085754394531,3.038971424102783
ISIC_0030769,63.35284805297852,0,66.32058715820312,8.189545631408691
ISIC_0026002,65.90682983398438,0,68.94309997558594,8.470943450927734
ISIC_0028850,51.798118591308594,0,70.73011779785156,16.31409454345703
ISIC_0032196,26.3554630279541,0,57.870330810546875,15.885701179504395
ISIC_0032213,65.9771499633789,0,73.32367706298828,10.395519256591797
ISIC_0031655,21.228084564208984,0,57.49353790283203,19.291454315185547
ISIC_0029071,74.3281021118164,0,66.74779510498047,4.698732376098633
ISIC_0029532,53.986961364746094,0,68.45467376708984,13.414521217346191
ISIC_0024388,43.5860710144043,0,64.14973449707031,14.865921020507812
ISIC_0030087,54.67817306518555,0,66.04556274414062,11.370070457458496
ISIC_0027833,74.15914154052734,0,81.07453155517578,8.817142486572266
ISIC_0025773,57.15769958496094,0,66.730224609375,10.79938793182373
ISIC_0024719,52.29597854614258,0,65.91860961914062,12.305075645446777
ISIC_0027173,37.41392135620117,0,56.311851501464844,8.251410484313965
ISIC_0029663,60.409305572509766,0,71.82147979736328,12.39163875579834
ISIC_0025258,71.373291015625,0,69.26327514648438,6.492806911468506
ISIC_0025408,70.25920104980469,0,76.65489196777344,9.565254211425781
ISIC_0027081,56.930545806884766,0,68.43196868896484,12.001651763916016
ISIC_0028409,69.0728988647461,0,73.65596771240234,9.046150207519531
ISIC_0028796,58.793495178222656,0,74.51891326904297,14.852980613708496
ISIC_0030215,53.54827117919922,0,71.708740234375,16.035329818725586
ISIC_0026860,74.77017974853516,0,69.06676483154297,5.190981388092041
ISIC_0024659,57.79261016845703,0,60.833351135253906,6.82407283782959
ISIC_0032237,38.1142463684082,0,62.82026290893555,16.341909408569336
ISIC_0030327,49.52733612060547,0,63.07686996459961,11.157914161682129
ISIC_0026221,36.071414947509766,0,58.833831787109375,12.126914978027344
ISIC_0032093,87.6626205444336,0,64.2925033569336,0.5833841562271118
ISIC_0031135,43.07978439331055,0,66.4883804321289,17.632341384887695
ISIC_0025935,36.70076751708984,0,67.81219482421875,23.896223068237305
ISIC_0029649,58.56921005249024,0,71.93318939208984,13.404265403747559
ISIC_0028661,55.01749038696289,0,66.56218719482422,11.589427947998047
ISIC_0026127,51.88799285888672,0,67.96432495117188,14.091909408569336
ISIC_0031739,62.830177307128906,0,72.8083267211914,11.706709861755371
ISIC_0029497,45.2469482421875,0,66.04452514648438,15.906818389892578
ISIC_0030398,80.27872467041016,0,63.684303283691406,2.344329357147217
ISIC_0028074,56.443302154541016,0,60.744266510009766,7.126772880554199
ISIC_0029047,41.0357551574707,0,65.93787384033203,18.31133460998535
ISIC_0029122,77.51889038085938,0,69.28225708007812,4.268100738525391
ISIC_0029732,81.14804077148438,0,66.8740005493164,2.627901792526245
ISIC_0031810,-86.74396514892578,0,64.23845672607422,-0.8100219964981079
ISIC_0028895,-84.15587615966797,0,68.68093872070312,-1.9120742082595825
ISIC_0032416,86.2790298461914,0,69.23430633544922,1.2508938312530518
ISIC_0029622,62.00757598876953,0,65.8608169555664,8.43065071105957
ISIC_0031846,75.57493591308594,0,69.43185424804688,4.998312950134277
ISIC_0032264,60.45582962036133,0,70.84137725830078,11.812695503234863
ISIC_0029941,54.84530258178711,0,69.14380645751953,13.481812477111816
ISIC_0030147,23.907209396362305,0,60.14115905761719,22.877052307128906
ISIC_0024769,66.51795959472656,0,73.5889892578125,10.24799919128418
ISIC_0027955,66.00537109375,0,74.6331558227539,10.96461009979248
ISIC_0031862,62.492820739746094,0,76.26835632324219,13.67861270904541
ISIC_0025494,60.598365783691406,0,63.708065032958984,7.724611282348633
ISIC_0025333,38.279884338378906,0,65.2197494506836,19.285459518432617
ISIC_0029446,69.41712951660156,0,66.94281005859375,6.362603664398193
ISIC_0027603,77.5923843383789,0,76.84791564941406,5.9066338539123535
ISIC_0028521,79.13838958740234,0,71.47846221923828,4.1211748123168945
ISIC_0030252,77.41100311279297,0,72.52222442626953,5.029770374298096
ISIC_0031574,70.54671478271484,0,70.93492889404297,7.394237995147705
ISIC_0032473,-89.43035125732422,0,70.4435043334961,-0.20325793325901031
ISIC_0025624,46.618560791015625,0,66.29315948486328,15.397676467895508
ISIC_0027161,73.01616668701172,0,74.58123779296875,7.507654666900635
ISIC_0026667,49.575077056884766,0,67.6304931640625,15.017952919006348
ISIC_0032010,78.79265594482422,0,82.32711791992188,6.405243873596191
ISIC_0027391,58.15270614624024,0,73.86914825439453,14.826786994934082
ISIC_0031949,62.77252960205078,0,66.04588317871094,8.25619125366211
ISIC_0024785,58.84389877319336,0,73.36488342285156,14.125819206237793
ISIC_0029631,57.883697509765625,0,69.7420654296875,12.392008781433105
ISIC_0024499,70.49618530273438,0,69.3726577758789,6.861664295196533
ISIC_0027131,60.60165023803711,0,70.82669830322266,11.734443664550781
ISIC_0030084,38.07135009765625,0,66.48343658447266,21.043766021728516
ISIC_0027555,62.02482223510742,0,74.57894134521484,13.05520248413086
ISIC_0025420,65.96446228027344,0,72.86201477050781,10.195818901062012
ISIC_0029144,59.671268463134766,0,68.65605926513672,10.91426944732666
ISIC_0027619,56.90740585327149,0,66.62677764892578,10.835790634155273
ISIC_0030438,67.84374237060547,0,66.15263366699219,6.577385902404785
ISIC_0030939,22.133563995361328,0,55.669979095458984,13.940031051635742
ISIC_0030043,36.73714447021485,0,58.68217468261719,11.63227367401123
ISIC_0026509,53.438079833984375,0,60.60159683227539,7.86251163482666
ISIC_0031210,28.856416702270508,0,57.48462677001953,13.582788467407227
ISIC_0032286,58.113563537597656,0,63.003902435302734,8.089945793151855
ISIC_0028269,30.42934226989746,0,59.30624771118164,15.843518257141113
ISIC_0026160,67.82516479492188,0,73.42366027832031,9.547013282775879
ISIC_0030716,86.12569427490234,0,67.55252075195312,1.1887017488479614
ISIC_0027743,36.08560562133789,0,61.69769287109375,16.049997329711914
ISIC_0024558,63.13392639160156,0,70.1340560913086,10.199610710144043
ISIC_0024766,44.40987777709961,0,64.57876586914062,14.882219314575195
ISIC_0026463,41.4370231628418,0,64.33061218261719,16.233718872070312
ISIC_0028672,30.71885299682617,0,59.347862243652344,15.73179817199707
ISIC_0030474,64.23329162597656,0,67.3450698852539,8.372502326965332
ISIC_0031758,66.11897277832031,0,71.39566040039062,9.472772598266602
ISIC_0031780,61.22650909423828,0,70.22431945800781,11.106234550476074
ISIC_0025895,41.33451461791992,0,63.91850280761719,15.823870658874512
ISIC_0030994,50.97169494628906,0,67.0992202758789,13.860666275024414
ISIC_0031028,69.02865600585938,0,67.63163757324219,6.758037567138672
ISIC_0031843,56.08893966674805,0,63.66286849975586,9.184893608093262
ISIC_0029934,50.93905258178711,0,70.54640197753906,16.674365997314453
ISIC_0026309,69.33316802978516,0,70.17837524414062,7.611428737640381
ISIC_0028708,51.35020446777344,0,62.485557556152344,9.984877586364746
ISIC_0026198,61.88523483276367,0,71.57209014892578,11.525568962097168
ISIC_0027001,69.55868530273438,0,70.91111755371094,7.793942451477051
ISIC_0025304,-89.24537658691406,0,66.79569244384766,-0.22122237086296082
ISIC_0024339,68.12105560302734,0,73.85289764404297,9.578618049621582
ISIC_0026616,66.25757598876953,0,66.37705993652344,7.203490257263184
ISIC_0026287,46.3550033569336,0,62.56808853149414,11.987252235412598
ISIC_0027906,70.61190032958984,0,70.80240631103516,7.320829391479492
ISIC_0025857,69.97447967529297,0,68.38835906982422,6.70209264755249
ISIC_0030808,34.698707580566406,0,56.93941116333008,10.022269248962402
ISIC_0030879,63.491153717041016,0,65.314453125,7.638456344604492
ISIC_0024600,85.8848648071289,0,72.46753692626953,1.6164590120315552
ISIC_0024316,41.46586990356445,0,65.91987609863281,18.0157470703125
ISIC_0028703,51.10029220581055,0,70.5478744506836,16.57986831665039
ISIC_0029629,49.80743789672852,0,67.77250671386719,15.014972686767578
ISIC_0028549,58.43689727783203,0,71.17491149902344,13.008102416992188
ISIC_0024722,39.45465087890625,0,66.14378356933594,19.61558723449707
ISIC_0029765,19.0853214263916,0,57.164249420166016,20.706262588500977
ISIC_0025010,62.85660934448242,0,71.07195281982422,10.803207397460938
ISIC_0025848,61.6919059753418,0,62.29599380493164,6.622953414916992
ISIC_0028171,55.97724533081055,0,66.4373550415039,11.096634864807129
ISIC_0030001,67.61996459960938,0,72.05522918701172,9.081517219543457
ISIC_0027078,74.07106018066406,0,70.69397735595703,5.906130313873291
ISIC_0027443,82.74299621582031,0,74.47171783447266,3.1162354946136475
ISIC_0027830,64.21849060058594,0,70.896484375,10.09343433380127
ISIC_0027980,58.58286285400391,0,69.12562561035156,11.682188987731934
ISIC_0028638,73.45713806152344,0,74.76908874511719,7.357097625732422
ISIC_0027430,77.2386703491211,0,67.18416595458984,3.8919520378112793
ISIC_0024817,72.54499816894531,0,72.20176696777344,6.981021881103516
ISIC_0031425,54.69650650024414,0,68.03433990478516,12.770678520202637
ISIC_0029154,61.77641296386719,0,68.33570861816406,9.84123706817627
ISIC_0027039,73.02806854248047,0,71.68305206298828,6.617558479309082
ISIC_0028119,-75.62334442138672,0,61.08747100830078,-2.84196138381958
ISIC_0026482,58.83200073242188,0,71.05532836914062,12.735479354858398
ISIC_0026035,57.280006408691406,0,68.90763854980469,12.147802352905273
ISIC_0030647,77.78060913085938,0,68.79845428466797,4.071028709411621
ISIC_0029964,52.840431213378906,0,65.1417236328125,11.476360321044922
ISIC_0027556,-89.60932922363281,0,72.0573501586914,-0.1503966599702835
ISIC_0025535,82.9406509399414,0,76.1812973022461,3.242189645767212
ISIC_0025371,31.547494888305664,0,58.08719253540039,13.172579765319824
ISIC_0030516,68.76893615722656,0,74.82437133789062,9.644224166870117
ISIC_0028330,78.49725341796875,0,66.6334228515625,3.3849360942840576
ISIC_0030634,69.05311584472656,0,69.00645446777344,7.27568244934082
ISIC_0027809,48.58598327636719,0,69.07559967041016,16.825698852539062
ISIC_0028312,52.65410614013672,0,67.68315887451172,13.493354797363281
ISIC_0024353,59.34086608886719,0,70.80594635009766,12.333602905273438
ISIC_0029442,52.392948150634766,0,73.39899444580078,18.024232864379883
ISIC_0025342,89.0411148071289,0,72.7347640991211,0.3805164396762848
ISIC_0025772,34.002723693847656,0,55.693824768066406,8.440582275390625
ISIC_0031568,41.61225128173828,0,63.647830963134766,15.365301132202148
ISIC_0029551,42.96749877929688,0,63.5157356262207,14.51035213470459
ISIC_0027845,73.8059310913086,0,74.78868103027344,7.198991298675537
ISIC_0028471,36.45024871826172,0,60.24844741821289,13.875178337097168
ISIC_0028369,56.02597427368164,0,67.9340591430664,12.08484935760498
ISIC_0026542,61.51871871948242,0,63.92845916748047,7.556644916534424
ISIC_0029282,67.99821472167969,0,63.17633819580078,5.324064254760742
ISIC_0025490,50.87944412231445,0,63.80080795288086,11.223830223083496
ISIC_0025459,33.21022033691406,0,63.095088958740234,20.00360107421875
ISIC_0030098,88.35638427734375,0,74.28521728515625,0.6968497633934021
ISIC_0030563,44.75337600708008,0,66.96934509277344,17.11606788635254
ISIC_0027424,62.87665557861328,0,71.46640014648438,10.995950698852539
ISIC_0031101,27.29743194580078,0,58.09883499145508,15.69292163848877
ISIC_0032323,50.554874420166016,0,65.21165466308594,12.515069961547852
ISIC_0027635,81.71958923339844,0,73.6207275390625,3.4376449584960938
ISIC_0028564,45.4154052734375,0,68.86753845214844,18.595914840698242
ISIC_0027340,53.79633331298828,0,69.97508239746094,14.621515274047852
ISIC_0030811,70.50120544433594,0,73.60393524169922,8.358028411865234
ISIC_0027787,69.02276611328125,0,69.40145874023438,7.4386749267578125
ISIC_0025590,56.65040588378906,0,69.25666046142578,12.673134803771973
ISIC_0030568,49.03704452514648,0,67.68438720703125,15.352741241455078
ISIC_0027726,61.87985610961914,0,65.05764770507812,8.046830177307129
ISIC_0030052,53.785682678222656,0,68.74595642089844,13.72716236114502
ISIC_0026850,70.8438491821289,0,72.92274475097656,7.9628777503967285
ISIC_0029116,61.0385971069336,0,67.0999755859375,9.463616371154785
ISIC_0025820,60.7990837097168,0,68.86095428466797,10.541421890258789
ISIC_0029097,68.96839904785156,0,62.61864471435547,4.851829528808594
ISIC_0026851,36.39657974243164,0,65.821044921875,21.461833953857422
ISIC_0027817,66.37210083007812,0,69.3568344116211,8.468021392822266
ISIC_0027180,39.75569534301758,0,60.2243537902832,12.290958404541016
ISIC_0026903,59.14832305908203,0,71.37793731689453,12.769952774047852
ISIC_0029800,50.510066986083984,0,66.71849060058594,13.776728630065918
ISIC_0025405,36.71015930175781,0,62.853981018066406,17.238554000854492
ISIC_0029327,64.59474182128906,0,71.50045013427734,10.211577415466309
ISIC_0029796,59.40238571166992,0,68.61933135986328,11.010394096374512
ISIC_0024628,84.2967529296875,0,70.61040496826172,2.0583689212799072
ISIC_0030393,38.44442367553711,0,62.42949295043945,15.657164573669434
ISIC_0028620,40.24334716796875,0,63.259124755859375,15.665997505187988
ISIC_0026808,71.99060821533203,0,68.2196044921875,5.9232096672058105
ISIC_0030004,42.625885009765625,0,64.04661560058594,15.261725425720215
ISIC_0027551,65.76240539550781,0,69.47732543945312,8.76882553100586
ISIC_0027583,73.05432891845703,0,71.31974792480469,6.496002674102783
ISIC_0028112,51.21636199951172,0,65.82024383544922,12.712369918823242
ISIC_0030650,83.61571502685547,0,76.75965881347656,2.994142532348633
ISIC_0031605,67.3311996459961,0,71.25184631347656,8.876245498657227
ISIC_0032130,72.24439239501953,0,68.41083526611328,5.895338535308838
ISIC_0030715,56.42960739135742,0,66.58680725097656,11.00789737701416
ISIC_0031027,66.59577178955078,0,75.72649383544922,11.13509750366211
ISIC_0030498,5.453941822052002,0,51.75225830078125,18.352563858032227
ISIC_0028784,76.67481231689453,0,67.8541488647461,4.228829383850098
ISIC_0025977,21.79550552368164,0,57.311561584472656,18.284366607666016
ISIC_0025217,65.8189697265625,0,68.73836517333984,8.413901329040527
ISIC_0025475,37.927547454833984,0,57.34648132324219,9.427606582641602
ISIC_0025859,31.39623260498047,0,60.10054016113281,16.549795150756836
ISIC_0030515,67.71222686767578,0,67.74420928955078,7.273009300231934
ISIC_0028006,65.82096099853516,0,67.59392547607422,7.899291515350342
ISIC_0028626,77.58458709716797,0,64.67618560791016,3.230909585952759
ISIC_0025403,64.87168884277344,0,70.24103546142578,9.49378776550293
ISIC_0032458,52.87983322143555,0,66.84906005859375,12.752168655395508
ISIC_0025006,60.70583724975586,0,68.98231506347656,10.649833679199219
ISIC_0030266,42.19552612304688,0,64.46967315673828,15.960328102111816
ISIC_0031441,40.45649719238281,0,62.78278350830078,14.989742279052734
ISIC_0030776,77.1806411743164,0,71.83815002441406,4.969259262084961
ISIC_0030025,60.891632080078125,0,66.09883880615234,8.963579177856445
ISIC_0027322,34.32196807861328,0,62.63043975830078,18.500307083129883
ISIC_0028762,44.94041061401367,0,67.8865966796875,17.923831939697266
ISIC_0026289,51.7752799987793,0,71.06067657470703,16.587844848632812
ISIC_0028948,52.129390716552734,0,68.64389038085938,14.498517036437988
ISIC_0031187,17.732696533203125,0,52.91559982299805,9.117825508117676
ISIC_0027803,39.186519622802734,0,64.251953125,17.4830265045166
ISIC_0031860,47.55088806152344,0,70.34326934814453,18.607948303222656
ISIC_0028852,71.46257019042969,0,68.46481323242188,6.191651344299316
ISIC_0032104,61.31362915039063,0,72.85903930664062,12.507894515991211
ISIC_0031010,49.40746688842773,0,70.83577728271484,17.853710174560547
ISIC_0030044,74.86590576171875,0,66.6602783203125,4.50592041015625
ISIC_0024768,63.60380554199219,0,72.92668914794922,11.379012107849121
ISIC_0028191,44.18447494506836,0,66.84912872314453,17.335729598999023
ISIC_0030632,51.603546142578125,0,65.76622009277344,12.49456787109375
ISIC_0030412,65.7730941772461,0,63.28380584716797,5.977480411529541
ISIC_0025486,49.87173080444336,0,73.20478820800781,19.55982780456543
ISIC_0029834,74.90082550048828,0,77.8708267211914,7.519688606262207
ISIC_0027877,62.5459098815918,0,71.7235107421875,11.28642749786377
ISIC_0029954,44.82941055297852,0,60.28215789794922,10.3435640335083
ISIC_0026669,72.55453491210938,0,72.73348999023438,7.144062042236328
ISIC_0025643,56.810882568359375,0,69.26412200927734,12.600862503051758
ISIC_0026250,54.14816665649414,0,67.64391326904297,12.749476432800293
ISIC_0026310,54.87725067138672,0,68.14949798583984,12.766453742980957
ISIC_0029928,46.68046569824219,0,65.26528930664062,14.39510726928711
ISIC_0027516,36.77741622924805,0,62.87731170654297,17.227609634399414
ISIC_0024350,68.9754638671875,0,70.55823516845703,7.901666164398193
ISIC_0031740,64.87926483154297,0,71.96308898925781,10.297953605651855
ISIC_0028532,72.65816497802734,0,73.70161437988281,7.401214122772217
ISIC_0026719,70.39649200439453,0,67.03411102294922,6.066748142242432
ISIC_0032346,59.26032257080078,0,71.05314636230469,12.52016544342041
ISIC_0031790,-89.45841217041016,0,70.25812530517578,-0.19149507582187653
ISIC_0026013,56.90159225463867,0,67.5120620727539,11.415278434753418
ISIC_0031387,58.30076217651367,0,63.424095153808594,8.290639877319336
ISIC_0032353,72.34052276611328,0,73.43650817871094,7.461282730102539
ISIC_0026116,65.85995483398438,0,72.66094970703125,10.155747413635254
ISIC_0032001,42.59115219116211,0,66.37511444091797,17.81331443786621
ISIC_0028037,78.74571228027344,0,67.07034301757812,3.3968307971954346
ISIC_0031183,70.87090301513672,0,72.72005462646484,7.880445957183838
ISIC_0030587,55.039180755615234,0,69.0473861694336,13.31771469116211
ISIC_0028738,72.99427795410156,0,76.82567596435547,8.204360961914062
ISIC_0030699,76.28120422363281,0,69.45269012451172,4.74881649017334
ISIC_0026797,67.01403045654297,0,67.39908599853516,7.3804473876953125
ISIC_0027926,55.94029998779297,0,68.9670639038086,12.822218894958496
ISIC_0032360,49.033687591552734,0,64.99151611328125,13.016456604003906
ISIC_0030136,53.118690490722656,0,69.79107666015625,14.84947395324707
ISIC_0029727,47.98637771606445,0,68.605224609375,16.760231018066406
ISIC_0030889,72.0609130859375,0,72.77287292480469,7.372600078582764
ISIC_0029164,26.501588821411133,0,59.85098648071289,19.75665855407715
ISIC_0031084,64.24578094482422,0,73.24575805664062,11.214534759521484
ISIC_0024423,48.33220672607422,0,62.712406158447266,11.313529014587402
ISIC_0027733,66.11799621582031,0,69.9884033203125,8.850127220153809
ISIC_0031433,79.24636840820312,0,72.74665832519531,4.320076942443848
ISIC_0025737,55.54966735839844,0,66.60198211669922,11.38904857635498
ISIC_0031576,74.03912353515625,0,69.62006378173828,5.6114654541015625
ISIC_0026873,53.59383392333984,0,69.16294860839844,14.131332397460938
ISIC_0025862,-66.67276000976562,0,59.236358642578125,-3.9830081462860107
ISIC_0026757,59.99030685424805,0,64.93638610839844,8.626899719238281
ISIC_0025426,64.12023162841797,0,60.19753646850586,4.947206974029541
ISIC_0024569,52.93903350830078,0,62.48026657104492,9.425396919250488
ISIC_0032261,43.25228500366211,0,62.528663635253906,13.317286491394043
ISIC_0028295,81.95257568359375,0,67.1828384399414,2.4293928146362305
ISIC_0026982,48.296016693115234,0,64.30425262451172,12.746414184570312
ISIC_0032465,69.81260681152344,0,70.6345443725586,7.586874961853027
ISIC_0029077,-82.4283218383789,0,70.62486267089844,-2.7415647506713867
ISIC_0029601,62.55747985839844,0,59.28816223144531,4.823269844055176
ISIC_0030753,51.1804084777832,0,66.80748748779297,13.523031234741211
ISIC_0028053,22.79200553894043,0,56.516441345214844,15.508082389831543
ISIC_0029481,-75.01246643066406,0,64.131591796875,-3.7832536697387695
ISIC_0027805,84.85963439941406,0,73.45167541503906,2.109658718109131
ISIC_0030600,80.46946716308594,0,70.27206420898438,3.4034852981567383
ISIC_0027844,53.23746871948242,0,68.21009063720703,13.604323387145996
ISIC_0026646,13.81869125366211,0,56.23978042602539,25.36813735961914
ISIC_0029447,32.3509407043457,0,64.04804992675781,22.178133010864258
ISIC_0031497,59.05827331542969,0,69.35639190673828,11.603715896606445
ISIC_0027986,68.77182006835938,0,67.98971557617188,6.987932205200195
ISIC_0028574,71.28760528564453,0,67.92928314208984,6.073050498962402
ISIC_0024991,63.56673049926758,0,70.58332061767578,10.232549667358398
ISIC_0030908,66.86892700195312,0,71.51016998291016,9.188651084899902
ISIC_0031805,49.66836166381836,0,65.74320220947266,13.366165161132812
ISIC_0029739,50.37532806396485,0,66.7119369506836,13.837442398071289
ISIC_0030301,38.47884368896485,0,66.82894134521484,21.172916412353516
ISIC_0029224,59.334449768066406,0,62.48307418823242,7.401752471923828
ISIC_0032392,51.42754364013672,0,62.198577880859375,9.728403091430664
ISIC_0027947,77.46653747558594,0,68.78601837158203,4.176271915435791
ISIC_0031195,28.40111351013184,0,61.779048919677734,21.783897399902344
ISIC_0030499,67.19815826416016,0,70.12598419189453,8.460947036743164
ISIC_0031921,52.4804916381836,0,70.36378479003906,15.636704444885254
ISIC_0028452,25.4675235748291,0,54.36507797241211,9.164933204650879
ISIC_0029511,53.620792388916016,0,63.89531326293945,10.236726760864258
ISIC_0025893,-89.01461791992188,0,63.78848648071289,-0.23715823888778687
ISIC_0026935,27.905780792236328,0,59.078765869140625,17.142620086669922
ISIC_0025745,24.31573867797852,0,56.79269027709961,15.033123970031738
ISIC_0026061,36.02082824707031,0,61.01103591918945,15.143808364868164
ISIC_0029236,51.36942672729492,0,65.87147521972656,12.683897972106934
ISIC_0026110,50.325809478759766,0,68.2284927368164,15.119712829589844
ISIC_0026334,73.53791809082031,0,69.53955841064453,5.773818492889404
ISIC_0028012,76.93123626708984,0,66.8199691772461,3.904463291168213
ISIC_0030108,64.90663146972656,0,63.478912353515625,6.312082290649414
ISIC_0025604,56.90748977661133,0,65.44744110107422,10.067176818847656
ISIC_0030618,71.65174102783203,0,70.07050323486328,6.656438827514648
ISIC_0029774,78.0282974243164,0,64.28545379638672,3.02909255027771
ISIC_0028004,60.32602310180664,0,62.84128952026367,7.316810131072998
ISIC_0029204,81.41268920898438,0,67.22468566894531,2.6010866165161133
ISIC_0028417,55.63984680175781,0,73.32695007324219,15.94848918914795
ISIC_0029869,33.7415657043457,0,61.89286804199219,17.804607391357422
ISIC_0026632,31.82795524597168,0,61.55610656738281,18.617815017700195
ISIC_0028914,29.50902557373047,0,60.89271545410156,19.245737075805664
ISIC_0026020,72.11158752441406,0,64.4859390258789,4.675596714019775
ISIC_0025177,-63.37956237792969,0,69.15789031982422,-9.602103233337402
ISIC_0027530,-66.66966247558594,0,66.29408264160156,-7.0275678634643555
ISIC_0029214,-69.83235168457031,0,76.4569320678711,-9.717300415039062
ISIC_0027112,-66.5220947265625,0,70.91383361816406,-9.083998680114746
ISIC_0028247,-72.72240447998047,0,64.17406463623047,-4.408647060394287
ISIC_0028988,-69.32671356201172,0,66.47021484375,-6.214798927307129
ISIC_0029534,66.4473648071289,0,72.79185485839844,9.935090065002441
ISIC_0028293,44.89007568359375,0,64.59627532958984,14.652389526367188
ISIC_0029093,61.655418395996094,0,67.916015625,9.664769172668457
ISIC_0031145,-77.60951232910156,0,60.93589401245117,-2.402510643005371
ISIC_0028430,-89.5018081665039,0,72.9531478881836,-0.19958296418190002
ISIC_0031663,-72.12813568115234,0,74.22551727294922,-7.8114914894104
ISIC_0031883,-77.99391174316406,0,82.73725128173828,-6.962149620056152
ISIC_0027679,-44.792213439941406,0,57.24555587768555,-7.298290729522705
ISIC_0027662,-89.43439483642578,0,63.34617614746094,-0.13175153732299805
ISIC_0024986,-87.30039978027344,0,65.84794616699219,-0.7472577691078186
ISIC_0031555,67.6168212890625,0,56.23133850097656,2.5662357807159424
ISIC_0024824,78.79142761230469,0,64.9558334350586,2.96366024017334
ISIC_0030666,86.71138763427734,0,57.655941009521484,0.4399106502532959
ISIC_0031560,-65.45410919189453,0,66.27042388916016,-7.430606842041016
ISIC_0025809,-66.19588470458984,0,66.80561828613281,-7.413602828979492
ISIC_0029475,65.15896606445312,0,63.44546127319336,6.224362373352051
ISIC_0029894,58.9511833190918,0,62.627166748046875,7.601816177368164
ISIC_0029409,-64.22347259521484,0,60.72256088256836,-5.178068161010742
ISIC_0032364,-62.51176071166992,0,61.429534912109375,-5.946853160858154
ISIC_0025370,41.63761520385742,0,64.51188659667969,16.323537826538086
ISIC_0030930,-71.74689483642578,0,61.41741943359375,-3.7655842304229736
ISIC_0028488,-72.81304168701172,0,61.893375396728516,-3.678647041320801
ISIC_0028528,-74.5972900390625,0,71.15975952148438,-5.829442024230957
ISIC_0029945,-67.90680694580078,0,60.29186248779297,-4.177664279937744
ISIC_0029720,-54.92836380004883,0,55.3609619140625,-3.7637834548950195
ISIC_0032150,-65.76100158691406,0,59.78580856323242,-4.40592622756958
ISIC_0029725,-81.80826568603516,0,64.43993377685547,-2.0786988735198975
ISIC_0024924,-79.52833557128906,0,67.83125305175781,-3.2957053184509277
ISIC_0026303,-85.58242797851562,0,65.39872741699219,-1.1896157264709473
ISIC_0030125,89.06867218017578,0,62.86222457885742,0.20908915996551514
ISIC_0025008,-76.14669799804688,0,61.48701858520508,-2.832813024520874
ISIC_0025735,-60.47900772094727,0,66.23652648925781,-9.1940336227417
ISIC_0026911,-64.51361083984375,0,63.79827117919922,-6.577417850494385
ISIC_0030464,-64.81855010986328,0,64.53397369384766,-6.833418846130371
ISIC_0032309,-58.91252899169922,0,59.83934783935547,-5.932539463043213
ISIC_0028759,-66.1590347290039,0,63.90707778930664,-6.145630359649658
ISIC_0027034,-59.46107482910156,0,72.52191162109375,-13.287030220031738
ISIC_0031887,-60.48798751831055,0,70.51429748535156,-11.612105369567871
ISIC_0026215,72.08875274658203,0,63.84083557128906,4.473464012145996
ISIC_0032029,85.09923553466797,0,63.565616607666016,1.1631642580032349
ISIC_0026055,86.62340545654297,0,56.73187255859375,0.39718711376190186
ISIC_0027645,81.50614929199219,0,64.7774887084961,2.2068886756896973
ISIC_0027548,-82.67301177978516,0,68.80550384521484,-2.418043851852417
ISIC_0026826,84.84185791015625,0,61.27509307861328,1.0178076028823853
ISIC_0025909,-57.0204963684082,0,68.5423355102539,-12.032105445861816
ISIC_0028831,-65.30289459228516,0,68.36426544189453,-8.445488929748535
ISIC_0026186,-47.19918823242188,0,62.014190673828125,-11.12558650970459
ISIC_0025156,-40.32818603515625,0,60.91061782836914,-12.852538108825684
ISIC_0025402,-52.48687362670898,0,71.1263656616211,-16.218521118164062
ISIC_0029728,-86.35831451416016,0,65.2767105102539,-0.9722877144813538
ISIC_0026423,-83.23680877685547,0,76.70459747314453,-3.1669323444366455
ISIC_0032691,-69.46957397460938,0,77.12114715576172,-10.156599044799805
ISIC_0032540,-69.59558868408203,0,75.370849609375,-9.437557220458984
ISIC_0032573,-73.16030883789062,0,79.83082580566406,-9.02900505065918
ISIC_0033251,-81.6286849975586,0,71.85430908203125,-3.215982437133789
ISIC_0033402,-68.34294128417969,0,66.39974975585938,-6.512021541595459
ISIC_0034204,-75.87144470214844,0,66.06948852539062,-4.044890403747559
ISIC_0033363,-83.31099700927734,0,72.3239974975586,-2.6181225776672363
ISIC_0033058,-64.50114440917969,0,61.79848861694336,-5.627302646636963
ISIC_0032924,-73.09153747558594,0,64.34813690185547,-4.3616132736206055
ISIC_0030845,-85.2839126586914,0,81.33692932128906,-2.585223436355591
ISIC_0032555,-44.627235412597656,0,58.07332229614258,-8.179060935974121
ISIC_0034254,-63.5763053894043,0,67.00778198242188,-8.451501846313477
ISIC_0033852,-75.16905975341797,0,65.92866516113281,-4.217735767364502
ISIC_0033775,-78.08292388916016,0,67.93502044677734,-3.7850840091705322
ISIC_0033561,-79.14551544189453,0,69.60688781738281,-3.7595391273498535
ISIC_0034225,-65.00968170166016,0,71.32685089111328,-9.940485954284668
ISIC_0032916,-65.71903991699219,0,74.39422607421875,-11.004656791687012
ISIC_0033756,-64.14846801757812,0,69.1753158569336,-9.290996551513672
ISIC_0027643,77.79609680175781,0,70.70932006835938,4.478987693786621
ISIC_0033227,-78.80925750732422,0,70.9933090209961,-4.153260231018066
ISIC_0033365,-77.93136596679688,0,69.58795166015625,-4.188073635101318
ISIC_0032739,-69.9898681640625,0,70.90394592285156,-7.6125993728637695
ISIC_0032874,-52.00460815429688,0,59.677513122558594,-7.559647083282471
ISIC_0032590,-72.68506622314453,0,69.51089477539062,-6.082545757293701
ISIC_0033549,-80.73839569091797,0,79.24066925048828,-4.768219947814941
ISIC_0033921,-77.31002044677734,0,72.92447662353516,-5.162041187286377
ISIC_0033989,-81.87174987792969,0,75.829345703125,-3.689049005508423
ISIC_0032977,-68.01908874511719,0,60.681480407714844,-4.31145715713501
ISIC_0033664,-77.41455841064453,0,69.40097045898438,-4.331454753875732
ISIC_0033759,-56.99738693237305,0,59.1746711730957,-5.958695888519287
ISIC_0034144,-72.44606018066406,0,68.37259674072266,-5.811878204345703
ISIC_0032992,-71.92820739746094,0,70.00178527832031,-6.526694297790527
ISIC_0025713,-77.63030242919922,0,83.42047882080078,-7.329436302185059
ISIC_0025541,-71.0028076171875,0,71.8209457397461,-7.512353897094727
ISIC_0025117,-74.92178344726562,0,67.2329330444336,-4.6427741050720215
ISIC_0034133,-66.69498443603516,0,63.316680908203125,-5.736448764801025
ISIC_0034042,-64.92721557617188,0,62.28764724731445,-5.748834133148193
ISIC_0032595,-55.8228759765625,0,59.88033676147461,-6.708901882171631
ISIC_0033633,-62.16922378540039,0,59.537193298339844,-5.03493595123291
ISIC_0034199,-73.55314636230469,0,63.26054382324219,-3.9145755767822266
ISIC_0032998,-65.97040557861328,0,59.23095703125,-4.115602493286133
ISIC_0033296,-72.66007232666016,0,75.208740234375,-7.8709235191345215
ISIC_0033838,-59.90934753417969,0,66.10062408447266,-9.329693794250488
ISIC_0033409,-47.55962753295898,0,60.561378479003906,-9.657515525817871
ISIC_0033475,82.62876892089844,0,65.34900665283203,1.9856511354446411
ISIC_0033210,89.78221130371094,0,62.234580993652344,0.04650415480136871
ISIC_0033219,-81.41082763671875,0,66.37823486328125,-2.473808765411377
ISIC_0033069,-69.64875030517578,0,60.49817657470703,-3.8940718173980713
ISIC_0032735,-73.73182678222656,0,56.16484451293945,-1.7990117073059082
ISIC_0033840,-76.70565032958984,0,65.4577407836914,-3.6524438858032227
ISIC_0034257,-88.41382598876953,0,69.05475616455078,-0.5276439785957336
ISIC_0032749,-86.34336853027344,0,58.460628509521484,-0.5406932830810547
ISIC_0034091,85.92121124267578,0,66.9864501953125,1.2112826108932495
ISIC_0033738,66.25731658935547,0,59.751922607421875,4.289458751678467
ISIC_0033510,-61.66790390014648,0,68.31617736816406,-9.875481605529785
ISIC_0033222,-61.24902725219727,0,65.48422241210938,-8.495269775390625
ISIC_0032546,79.2076416015625,0,63.31034469604492,2.5372426509857178
ISIC_0032781,-68.86247253417969,0,59.557472229003906,-3.695115804672241
ISIC_0033237,-60.25328826904297,0,62.297080993652344,-7.027420520782471
ISIC_0032747,-76.9881362915039,0,65.2497787475586,-3.524015426635742
ISIC_0033170,-88.30197143554688,0,63.373905181884766,-0.3964668810367584
ISIC_0032680,-77.01515197753906,0,62.74074172973633,-2.9378821849823
ISIC_0033674,69.4435043334961,0,58.76998519897461,3.288825273513794
ISIC_0034288,-64.65879821777344,0,69.51631927490234,-9.242488861083984
ISIC_0033420,-72.62530517578125,0,73.28054809570312,-7.284390926361084
ISIC_0032661,-63.68538284301758,0,68.17145538330078,-8.98665714263916
ISIC_0032587,-86.46533966064453,0,72.09130096435547,-1.3645745515823364
ISIC_0033824,-72.87461853027344,0,58.755775451660156,-2.697873115539551
ISIC_0033830,-68.09384155273438,0,64.65812683105469,-5.894360065460205
ISIC_0032822,-59.27104568481445,0,59.52141571044922,-5.659915447235107
ISIC_0033283,-56.3913688659668,0,55.0118408203125,-3.330942153930664
ISIC_0033359,-75.74015045166016,0,66.38092041015625,-4.163219928741455
ISIC_0033427,-56.67672729492188,0,61.67765426635742,-7.677577495574951
ISIC_0033948,-74.0132827758789,0,72.19408416748047,-6.358476638793945
ISIC_0033680,-50.4096908569336,0,56.49238967895508,-5.369123458862305
ISIC_0033085,-62.28520965576172,0,66.79346466064453,-8.822301864624023
ISIC_0033976,-69.2675552368164,0,72.41929626464844,-8.486053466796875
ISIC_0034030,-46.9017448425293,0,60.53526306152344,-9.858125686645508
ISIC_0034314,-75.07183837890625,0,67.5147933959961,-4.669541358947754
ISIC_0034174,-83.40725708007812,0,76.70089721679688,-3.085967779159546
ISIC_0033983,-80.77118682861328,0,69.92398834228516,-3.2372655868530273
ISIC_0033743,-81.18738555908203,0,72.9935302734375,-3.5647695064544678
ISIC_0032646,13.708392143249512,0,56.24951171875,25.620214462280273
ISIC_0033627,28.28946685791016,0,61.787010192871094,21.900484085083008
ISIC_0033803,83.8702392578125,0,70.22539520263672,2.17209529876709
ISIC_0032860,84.43284606933594,0,66.65870666503906,1.6237564086914062
ISIC_0034203,78.39419555664062,0,68.33888244628906,3.766367197036743
ISIC_0033311,62.23308181762695,0,61.147769927978516,5.869326114654541
ISIC_0032700,71.50286102294922,0,60.90641784667969,3.6486289501190186
ISIC_0032608,84.97650909423828,0,68.06175994873047,1.5876585245132446
ISIC_0032746,68.95067596435547,0,64.71435546875,5.662848949432373
ISIC_0033266,25.095304489135746,0,59.3466911315918,19.957311630249023
ISIC_0033188,-67.50271606445312,0,60.27463150024414,-4.255329608917236
ISIC_0033067,-75.18811798095703,0,64.1194076538086,-3.7336385250091553
ISIC_0032787,-81.59200286865234,0,74.0066146850586,-3.5484111309051514
ISIC_0033150,-50.899261474609375,0,58.47860336303711,-6.890555381774902
ISIC_0033698,-58.225494384765625,0,61.41556930541992,-7.0709228515625
ISIC_0034240,-70.05773162841797,0,75.86467742919922,-9.384472846984863
ISIC_0033558,72.26641082763672,0,66.09046173095703,5.145515441894531
ISIC_0033590,66.51551055908203,0,57.897705078125,3.4314777851104736
ISIC_0033303,73.3302001953125,0,68.3287582397461,5.488364219665527
ISIC_0033243,75.15202331542969,0,67.29475402832031,4.584964752197266
ISIC_0032648,63.29441833496094,0,60.70119094848633,5.383443355560303
ISIC_0032620,79.1615982055664,0,64.2001953125,2.7186965942382812
ISIC_0030420,-83.0024185180664,0,73.89996337890625,-2.9335179328918457
ISIC_0032794,88.60526275634766,0,87.104736328125,0.9034036993980408
ISIC_0032801,85.56341552734375,0,85.5301284790039,2.756715774536133
ISIC_0032858,-88.9437484741211,0,85.75300598144531,-0.6591808795928955
ISIC_0033965,87.9211654663086,0,84.94761657714844,1.268539547920227
ISIC_0026429,65.04071044921875,0,66.74888610839844,7.795647621154785
ISIC_0033406,86.30866241455078,0,70.47354888916016,1.320855736732483
ISIC_0033493,60.51743316650391,0,60.61453628540039,6.001154899597168
ISIC_0033007,-84.80987548828125,0,71.14208984375,-1.920405626296997
ISIC_0032995,-69.2679214477539,0,70.31448364257812,-7.689202308654785
ISIC_0032754,-59.46960067749024,0,63.28193283081055,-7.833155632019043
ISIC_0032714,-59.83702850341797,0,65.62382507324219,-9.079769134521484
ISIC_0032582,46.89093399047852,0,58.105018615722656,7.586950778961182
ISIC_0033052,78.08845520019531,0,74.83607482910156,5.239007472991943
ISIC_0032990,70.82559204101562,0,64.87529754638672,5.1726789474487305
ISIC_0033179,-78.03988647460938,0,65.6182861328125,-3.3084049224853516
ISIC_0034251,-81.56021881103516,0,67.20628356933594,-2.5530099868774414
ISIC_0033721,-76.86036682128906,0,65.35626220703125,-3.5847103595733643
ISIC_0034295,-60.23954772949219,0,57.54156494140625,-4.312182426452637
ISIC_0033929,-60.06500625610352,0,58.76014709472656,-5.0444231033325195
ISIC_0033044,-75.87561798095703,0,66.50115966796875,-4.152271270751953
ISIC_0033221,-49.67155075073242,0,66.6856689453125,-14.164726257324219
ISIC_0033340,-64.35480499267578,0,78.05589294433594,-13.46934986114502
ISIC_0033737,-73.12134552001953,0,78.72244262695312,-8.71485710144043
ISIC_0033932,-69.30838012695312,0,73.42535400390625,-8.84779167175293
ISIC_0032758,-74.50962829589844,0,70.33746337890625,-5.636392116546631
ISIC_0033939,-72.56695556640625,0,73.4061279296875,-7.3498640060424805
ISIC_0032772,-80.21208190917969,0,85.5108871459961,-6.126081943511963
ISIC_0034041,-79.90339660644531,0,84.37836456298828,-6.12161922454834
ISIC_0033598,-79.27468872070312,0,84.92162322998047,-6.61448335647583
ISIC_0034021,-80.8747329711914,0,85.48023223876953,-5.699055194854736
ISIC_0031290,-75.76068115234375,0,86.80339050292969,-9.339563369750977
ISIC_0033294,-69.562255859375,0,69.1738052368164,-7.1450514793396
ISIC_0033030,-70.91841888427734,0,62.396995544433594,-4.288379669189453
ISIC_0032657,-59.32954788208008,0,66.18558502197266,-9.599016189575195
ISIC_0032708,-72.87763214111328,0,62.80243682861328,-3.944017171859741
ISIC_0033574,-75.065185546875,0,67.34178924560547,-4.6255784034729
ISIC_0033960,-75.9714126586914,0,69.86516571044922,-4.963469982147217
ISIC_0033259,-78.25894165039062,0,73.01268005371094,-4.782896041870117
ISIC_0033403,-76.58058166503906,0,70.09639739990234,-4.794834136962891
ISIC_0033724,-76.1650619506836,0,68.32893371582031,-4.513869762420654
ISIC_0033786,-78.8711166381836,0,67.48046875,-3.43868350982666
ISIC_0033845,-77.7645263671875,0,75.6495361328125,-5.562245845794678
ISIC_0032884,-76.92499542236328,0,76.25448608398438,-6.097534656524658
ISIC_0033532,-53.136837005615234,0,60.07643127441406,-7.555474758148193
ISIC_0032713,-62.069461822509766,0,63.55608367919922,-7.186827659606934
ISIC_0028591,-83.98077392578125,0,84.41554260253906,-3.628889560699463
ISIC_0024524,-87.85438537597656,0,75.05337524414062,-0.9386376738548279
ISIC_0032663,-81.08133697509766,0,78.74315643310547,-4.510650157928467
ISIC_0034272,-74.55255126953125,0,69.49662780761719,-5.387639999389648
ISIC_0032911,-84.66761779785156,0,70.26478576660156,-1.8914575576782227
ISIC_0032752,-74.12384796142578,0,65.79415130615234,-4.491974830627441
ISIC_0033794,-73.92427062988281,0,68.04011535644531,-5.198733806610107
ISIC_0033462,-75.992431640625,0,79.8635025024414,-7.449995517730713
ISIC_0033191,-68.48735809326172,0,71.69624328613281,-8.551902770996094
ISIC_0033197,-75.60528564453125,0,68.6656494140625,-4.790686130523682
ISIC_0032824,-81.37908172607422,0,72.23632049560547,-3.3712282180786133
ISIC_0034171,-79.84294128417969,0,70.67549896240234,-3.7041139602661133
ISIC_0033996,-81.60679626464844,0,73.45157623291016,-3.4601833820343018
ISIC_0033015,-76.57939910888672,0,80.08500671386719,-7.178686618804932
ISIC_0033928,-74.32807159423828,0,80.03434753417969,-8.426399230957031
ISIC_0032896,-65.70185089111328,0,75.07840728759766,-11.322355270385742
ISIC_0034166,-64.15303802490234,0,74.61013793945312,-11.921892166137695
ISIC_0032966,89.06917572021484,0,89.20014190673828,0.6369006037712097
ISIC_0033864,-89.7803955078125,0,82.63024139404297,-0.1250663846731186
ISIC_0034063,-79.78117370605469,0,63.68802261352539,-2.4675047397613525
ISIC_0033873,-53.473411560058594,0,66.86628723144531,-12.49250602722168
ISIC_0032848,-64.789794921875,0,68.38472747802734,-8.655196189880371
ISIC_0033697,-41.52125549316406,0,63.5263786315918,-15.277366638183594
ISIC_0029393,74.56962585449219,0,67.53047943115234,4.83869743347168
ISIC_0025210,51.0356559753418,0,64.5208511352539,11.743800163269043
ISIC_0026372,64.54678344726562,0,71.07378387451172,10.030567169189453
ISIC_0026761,70.04055786132812,0,76.118896484375,9.485560417175293
ISIC_0032322,83.66162109375,0,76.56195068359375,2.9504735469818115
ISIC_0029775,84.5477523803711,0,72.82899475097656,2.17897891998291
ISIC_0027755,72.87189483642578,0,82.25581359863281,9.940507888793945
ISIC_0025045,76.30199432373047,0,72.57438659667969,5.502208232879639
ISIC_0030543,66.32778930664062,0,73.40387725830078,10.260052680969238
ISIC_0025267,85.92022705078125,0,73.54948425292969,1.679687261581421
ISIC_0029581,-81.06883239746094,0,71.94762420654297,-3.4491379261016846
ISIC_0025887,85.67581939697266,0,69.20655059814453,1.452297329902649
ISIC_0026402,85.42615509033203,0,79.38179779052734,2.3505020141601562
ISIC_0024653,72.34307861328125,0,72.63729858398438,7.205729961395264
ISIC_0026141,67.48583984375,0,63.672916412353516,5.6674652099609375
ISIC_0027348,88.34151458740234,0,80.35386657714844,0.8788683414459229
ISIC_0027623,82.58185577392578,0,74.8304443359375,3.2329087257385254
ISIC_0024361,59.40434265136719,0,72.09467315673828,13.064493179321289
ISIC_0029431,40.105255126953125,0,65.5530776977539,18.466434478759766
ISIC_0029276,89.76110076904297,0,63.25546646118164,0.055269524455070496
ISIC_0025469,43.54505920410156,0,60.75765609741211,11.318355560302734
ISIC_0025133,45.35706329345703,0,61.242942810058594,11.103684425354004
ISIC_0029566,-13.628255844116213,0,48.36625671386719,6.738542556762695
ISIC_0029188,-71.0113296508789,0,84.320068359375,-11.809759140014648
ISIC_0027800,-71.6061782836914,0,86.54789733886719,-12.153491973876953
ISIC_0031447,54.43516159057617,0,64.5583267211914,10.409231185913086
ISIC_0024837,60.35877990722656,0,69.23129272460938,10.943205833435059
ISIC_0031667,62.97654724121094,0,70.36361694335938,10.386275291442871
ISIC_0026027,59.43148040771485,0,67.36231231689453,10.255169868469238
ISIC_0031839,79.25605773925781,0,65.88761901855469,3.0146169662475586
ISIC_0026455,78.413330078125,0,68.83055114746094,3.860793113708496
ISIC_0028265,74.99392700195312,0,62.55917739868164,3.3666470050811768
ISIC_0030066,-79.28849029541016,0,82.05776977539062,-6.064044952392578
ISIC_0028944,-76.8398666381836,0,70.71083068847656,-4.84248161315918
ISIC_0027827,52.3416862487793,0,63.46293258666992,10.389698028564453
ISIC_0025491,66.59513854980469,0,72.47577667236328,9.728394508361816
ISIC_0030588,50.61732864379883,0,63.08319854736328,10.740033149719238
ISIC_0025511,49.60245895385742,0,62.10498046875,10.301244735717773
ISIC_0032165,62.427154541015625,0,64.91840362548828,7.790151119232178
ISIC_0024718,58.8144416809082,0,62.390865325927734,7.499904155731201
ISIC_0024834,65.16893768310547,0,65.67857360839844,7.2548370361328125
ISIC_0031541,82.57268524169922,0,75.94804382324219,3.3826372623443604
ISIC_0027596,81.32380676269531,0,73.5124282836914,3.5879082679748535
ISIC_0028960,79.22014617919922,0,72.54866790771484,4.293169975280762
ISIC_0027658,-84.32294464111328,0,75.31341552734375,-2.516375780105591
ISIC_0028678,-84.22932434082031,0,72.6746826171875,-2.291485071182251
ISIC_0027122,86.03294372558594,0,65.2603759765625,1.058290958404541
ISIC_0031340,87.71105194091797,0,65.26349639892578,0.6100953817367554
ISIC_0024793,86.38334655761719,0,63.534141540527344,0.8554439544677734
ISIC_0030945,56.69548797607422,0,67.17125701904297,11.281342506408691
ISIC_0031559,83.84840393066406,0,80.92310333251953,3.3328919410705566
ISIC_0024406,60.98081970214844,0,74.60240173339844,13.648103713989258
ISIC_0026030,85.60924530029297,0,74.02593231201172,1.8447933197021484
ISIC_0028758,-69.66988372802734,0,57.88615036010742,-2.9218878746032715
ISIC_0028117,78.19782257080078,0,68.20381927490234,3.803694725036621
ISIC_0024996,78.73065948486328,0,86.21662139892578,7.216639995574951
ISIC_0027978,81.91915130615234,0,84.97622680664062,4.965920925140381
ISIC_0027045,85.57206726074219,0,77.03375244140625,2.0933890342712402
ISIC_0029589,69.93026733398438,0,67.92798614501953,6.549973487854004
ISIC_0027224,83.01349639892578,0,84.75054168701172,4.258516311645508
ISIC_0026784,-87.10356903076172,0,83.96522521972656,-1.718482255935669
ISIC_0031798,77.84620666503906,0,77.06185150146484,5.828136444091797
ISIC_0032163,78.35082244873047,0,75.82160949707031,5.323513984680176
ISIC_0024862,68.79837799072266,0,71.32624053955078,8.27259349822998
ISIC_0030581,59.64910507202149,0,61.43531799316406,6.695893287658691
ISIC_0026400,44.71615982055664,0,67.39815521240234,17.57138442993164
ISIC_0031353,-59.93577575683594,0,66.23792266845703,-9.39925479888916
ISIC_0027201,86.17738342285156,0,79.1342544555664,1.9466407299041748
ISIC_0028679,78.42257690429688,0,93.61467742919922,8.934897422790527
ISIC_0029001,-85.59248352050781,0,66.60520935058594,-1.279892086982727
ISIC_0026592,55.49773025512695,0,62.19584655761719,8.382682800292969
ISIC_0030914,75.01021575927734,0,69.23750305175781,5.150995254516602
ISIC_0026573,82.11141204833984,0,53.89573669433594,0.5397865176200867
ISIC_0029298,74.43241882324219,0,74.33357238769531,6.779212951660156
ISIC_0028217,69.14816284179688,0,77.81689453125,10.595453262329102
ISIC_0027114,68.67253875732422,0,69.55870056152344,7.636417388916016
ISIC_0032489,83.01956176757812,0,73.04705047607422,2.821833848953247
ISIC_0030544,66.26103973388672,0,62.6604118347168,5.567798614501953
ISIC_0030962,48.18464660644531,0,64.2242202758789,12.72478199005127
ISIC_0026222,78.91456604003906,0,75.10355377197266,4.918493747711182
ISIC_0032243,82.96417236328125,0,81.79182434082031,3.9237232208251953
ISIC_0028297,82.39763641357422,0,85.09171295166016,4.683703899383545
ISIC_0029203,-72.19273376464844,0,77.5483627319336,-8.848665237426758
ISIC_0026398,74.71737670898438,0,68.87977600097656,5.158763885498047
ISIC_0028744,83.91239929199219,0,75.62950134277344,2.7333922386169434
ISIC_0030115,63.49448013305664,0,66.63086700439453,8.293839454650879
ISIC_0025784,65.74493408203125,0,73.93680572509766,10.785283088684082
ISIC_0032112,84.63154602050781,0,75.29483795166016,2.3770155906677246
ISIC_0025846,59.93217468261719,0,71.86180114746094,12.656438827514648
ISIC_0027928,71.49011993408203,0,74.23441314697266,8.113363265991211
ISIC_0029881,72.04139709472656,0,75.64507293701172,8.31210708618164
ISIC_0031115,83.20953369140625,0,76.68461608886719,3.177443504333496
ISIC_0031919,48.96442413330078,0,69.38773345947266,16.874649047851562
ISIC_0030039,83.54731750488281,0,72.45255279541016,2.5393619537353516
ISIC_0027883,83.28388214111328,0,71.26895904541016,2.5045948028564453
ISIC_0028689,77.61100006103516,0,78.63037109375,6.2890305519104
ISIC_0026437,80.87760162353516,0,67.58615112304688,2.8238935470581055
ISIC_0025396,-87.28270721435547,0,84.97359466552734,-1.6598860025405884
ISIC_0032281,79.50950622558594,0,69.08360290527344,3.5336594581604004
ISIC_0030425,75.45765686035156,0,64.13584899902344,3.666926145553589
ISIC_0028032,81.2463150024414,0,76.58966064453125,4.094287872314453
ISIC_0024781,68.58416748046875,0,70.97332763671875,8.22603702545166
ISIC_0030645,68.31006622314453,0,75.76670837402344,10.248573303222656
ISIC_0028400,-78.18724060058594,0,68.64157104492188,-3.8987576961517334
ISIC_0026998,66.62980651855469,0,61.91237258911133,5.147588729858398
ISIC_0032218,48.72237014770508,0,73.82585144042969,20.9150390625
ISIC_0029733,82.93560791015625,0,68.37147521972656,2.2766928672790527
ISIC_0028150,67.99585723876953,0,66.65335083007812,6.729787826538086
ISIC_0025542,84.65218353271484,0,69.65318298339844,1.8397114276885986
ISIC_0031662,67.8019790649414,0,73.98394012451172,9.786698341369629
ISIC_0032109,-80.47161102294922,0,66.01885986328125,-2.688796281814575
ISIC_0028166,-80.04273223876953,0,80.432861328125,-5.3427324295043945
ISIC_0026406,-77.55862426757812,0,59.65601348876953,-2.1303231716156006
ISIC_0029855,57.54225158691406,0,77.15403747558594,17.270898818969727
ISIC_0027360,-83.81301879882812,0,71.46916198730469,-2.327359914779663
ISIC_0029554,63.46095657348633,0,75.49580383300781,12.733429908752441
ISIC_0031644,81.82772064208984,0,74.96821594238281,3.585644483566284
ISIC_0027036,82.21060943603516,0,73.57270050048828,3.224609851837158
ISIC_0026445,-85.91608428955078,0,83.39830017089844,-2.384592056274414
ISIC_0029026,-82.93939208984375,0,68.82796478271484,-2.332000255584717
ISIC_0028230,-45.28309631347656,0,57.73537826538086,-7.659315586090088
ISIC_0029174,63.73238754272461,0,65.67229461669922,7.734704494476318
ISIC_0028870,71.50975799560547,0,65.07484436035156,5.041114807128906
ISIC_0030772,-86.2322769165039,0,79.43690490722656,-1.9385385513305664
ISIC_0027109,86.26187133789062,0,68.48939514160156,1.2080118656158447
ISIC_0029095,72.8942642211914,0,72.22323608398438,6.839193344116211
ISIC_0028874,81.02555847167969,0,85.33152770996094,5.579807758331299
ISIC_0028592,78.90657806396484,0,85.55010223388672,6.970414638519287
ISIC_0032311,82.95518493652344,0,76.32515716552734,3.2532241344451904
ISIC_0030534,63.38094711303711,0,74.7550048828125,12.406675338745117
ISIC_0032284,70.48939514160156,0,73.04497528076172,8.165448188781738
ISIC_0031107,-86.2852554321289,0,64.58540344238281,-0.946962833404541
ISIC_0026022,-87.8761215209961,0,68.24656677246094,-0.6766840219497681
ISIC_0026956,57.78399658203125,0,66.91313934326172,10.657369613647461
ISIC_0031806,55.68257522583008,0,64.13900756835938,9.651283264160156
ISIC_0030817,-77.9918212890625,0,68.58546447753906,-3.953235626220703
ISIC_0029470,-70.5117416381836,0,60.989933013916016,-3.8892035484313965
ISIC_0026488,-54.92498397827149,0,68.7884750366211,-13.192524909973145
ISIC_0027298,65.28764343261719,0,71.58890533447266,9.935425758361816
ISIC_0027098,85.12799835205078,0,66.4498291015625,1.4021494388580322
ISIC_0030923,-76.87655639648438,0,62.54505157470703,-2.9247357845306396
ISIC_0028243,-84.79085540771484,0,78.79224395751953,-2.6249334812164307
ISIC_0025436,83.06083679199219,0,73.04194641113281,2.8043642044067383
ISIC_0029079,87.6650619506836,0,69.30547332763672,0.7871768474578857
ISIC_0025571,76.5920639038086,0,72.84000396728516,5.4445953369140625
ISIC_0028945,49.96247863769531,0,70.26907348632812,17.03040313720703
ISIC_0030401,47.507625579833984,0,69.27024841308594,17.653194427490234
ISIC_0031131,54.35028839111328,0,69.01538848876953,13.63864803314209
ISIC_0031473,-58.98271179199219,0,56.305850982666016,-3.79152774810791
ISIC_0029671,-88.37138366699219,0,74.2652359008789,-0.6899164915084839
ISIC_0031011,-78.43425750732422,0,64.53913116455078,-2.9753973484039307
ISIC_0028882,-75.5504379272461,0,75.55774688720703,-6.585682392120361
ISIC_0031238,-58.38644790649414,0,60.545902252197266,-6.4913201332092285
ISIC_0026374,-54.48127365112305,0,59.90781021118164,-7.0720648765563965
ISIC_0029476,53.97541427612305,0,64.12335205078125,10.27048397064209
ISIC_0028016,-85.4262466430664,0,63.572269439697266,-1.0857410430908203
ISIC_0028865,-89.36473083496094,0,64.62421417236328,-0.16215220093727112
ISIC_0028464,75.6215591430664,0,71.98615264892578,5.63626766204834
ISIC_0029145,-82.58189392089844,0,70.48766326904297,-2.667464256286621
ISIC_0029441,-83.70770263671875,0,71.45695495605469,-2.3659486770629883
ISIC_0032344,65.06584167480469,0,69.52323150634766,9.076529502868652
ISIC_0028649,-86.9743881225586,0,81.0286636352539,-1.6400481462478638
ISIC_0026166,86.05382537841797,0,60.58140563964844,0.7299344539642334
ISIC_0026711,-88.19880676269531,0,70.32268524169922,-0.6390873193740845
ISIC_0027959,-65.25337219238281,0,59.2932243347168,-4.283572196960449
ISIC_0025763,-79.8790283203125,0,73.49403381347656,-4.1937971115112305
ISIC_0029252,84.32748413085938,0,62.25692367553711,1.2174652814865112
ISIC_0026017,47.80279159545898,0,55.07052230834961,4.5972185134887695
ISIC_0024716,59.645267486572266,0,58.18763732910156,4.794961452484131
ISIC_0027512,-75.27014923095703,0,66.99492645263672,-4.46799898147583
ISIC_0026580,61.21495056152344,0,61.009918212890625,6.049014568328857
ISIC_0030919,-40.65318298339844,0,56.35459899902344,-7.400125503540039
ISIC_0029560,55.725616455078125,0,67.84052276611328,12.158287048339844
ISIC_0027849,-78.16155242919922,0,68.7713851928711,-3.934692144393921
ISIC_0024995,-66.08182525634766,0,60.9793701171875,-4.869556427001953
ISIC_0027783,-69.3760757446289,0,62.68632507324219,-4.774518966674805
ISIC_0030940,-36.19026565551758,0,56.27852249145508,-8.58156967163086
ISIC_0024519,82.38098907470703,0,69.54705810546875,2.6147329807281494
ISIC_0026676,84.06741333007812,0,74.70542907714844,2.567258358001709
ISIC_0025141,-59.72866821289063,0,68.83624267578125,-10.994372367858887
ISIC_0026660,-63.97368621826172,0,64.66148376464844,-7.159218788146973
ISIC_0027211,43.5551986694336,0,65.18376922607422,15.96951961517334
ISIC_0030900,50.75355529785156,0,68.49568939208984,15.109688758850098
ISIC_0031829,-69.36132049560547,0,71.22659301757812,-7.994907855987549
ISIC_0027729,-73.23297882080078,0,81.37033081054688,-9.45156192779541
ISIC_0028720,-50.3292236328125,0,70.80049896240234,-17.250999450683594
ISIC_0026318,-66.59000396728516,0,75.33429718017578,-10.968377113342285
ISIC_0026480,71.5176010131836,0,71.99714660644531,7.352627754211426
ISIC_0029668,74.3237533569336,0,66.8180160522461,4.719808101654053
ISIC_0031896,-80.70197296142578,0,62.525001525878906,-2.0506043434143066
ISIC_0025355,-85.64514923095703,0,68.01976776123047,-1.3722598552703857
ISIC_0032388,81.91703033447266,0,71.35577392578125,3.032899856567383
ISIC_0031973,-85.74292755126953,0,74.72998809814453,-1.840822696685791
ISIC_0024734,-51.22942352294922,0,62.64433670043945,-10.155614852905273
ISIC_0027012,-67.75086975097656,0,60.66279983520508,-4.362078666687012
ISIC_0025062,-69.70952606201172,0,66.50149536132812,-6.100970268249512
ISIC_0031668,-84.02870178222656,0,83.5107192993164,-3.5051424503326416
ISIC_0027431,-87.76618957519531,0,84.89617156982422,-1.3611931800842285
ISIC_0030300,-79.18905639648438,0,77.17544555664062,-5.189371109008789
ISIC_0031395,87.14997863769531,0,76.10957336425781,1.2998182773590088
ISIC_0033445,-69.87761688232422,0,62.668846130371094,-4.64175271987915
ISIC_0032589,-70.85331726074219,0,73.18743133544922,-8.050530433654785
ISIC_0034043,-73.04337310791016,0,65.82980346679688,-4.826556205749512
ISIC_0033589,-67.35060119628906,0,61.23622131347656,-4.688557147979736
ISIC_0033888,-70.00201416015625,0,63.31714630126953,-4.846513748168945
ISIC_0033338,-77.96204376220703,0,67.93081665039062,-3.823728322982788
ISIC_0032880,-86.31977081298828,0,77.25521850585938,-1.7530711889266968
ISIC_0032600,-76.65717315673828,0,65.17021179199219,-3.5980613231658936
ISIC_0032791,-79.4581069946289,0,69.64546966552734,-3.6559298038482666
ISIC_0034053,-63.413692474365234,0,59.2229118347168,-4.615732669830322
ISIC_0033436,-48.80046081542969,0,58.22222900390625,-7.19790506362915
ISIC_0033457,-69.07109832763672,0,60.55790710449219,-4.037774562835693
ISIC_0033916,-76.72752380371094,0,69.36128234863281,-4.566991329193115
ISIC_0032554,-74.63932800292969,0,66.13909912109375,-4.433530330657959
ISIC_0034238,88.37972259521484,0,73.5633773803711,0.6665307879447937
ISIC_0032543,-86.52104187011719,0,78.8896255493164,-1.7563151121139526
ISIC_0033176,-88.08625793457031,0,75.4426498413086,-0.8501266837120056
ISIC_0033542,-67.87138366699219,0,72.4406509399414,-9.125261306762695
ISIC_0032748,-64.38990783691406,0,71.03034210205078,-10.080607414245605
ISIC_0032935,-66.3783187866211,0,68.15774536132812,-7.941100597381592
ISIC_0033970,-75.25055694580078,0,67.95758819580078,-4.727652072906494
ISIC_0033208,-77.38126373291016,0,69.51575469970703,-4.368988037109375
ISIC_0033898,-74.89322662353516,0,65.69136810302734,-4.235846519470215
ISIC_0027689,-76.47948455810547,0,69.15234375,-4.605322360992432
ISIC_0032849,-63.59578704833984,0,61.67757797241211,-5.797867774963379
ISIC_0033043,-67.3609619140625,0,72.09001922607422,-9.212854385375977
ISIC_0034114,-86.9208984375,0,84.69674682617188,-1.8664131164550781
ISIC_0033797,86.07582092285156,0,92.68289184570312,2.927920341491699
ISIC_0033481,-85.23393249511719,0,82.50170135498047,-2.709859848022461
ISIC_0032578,-62.74193572998047,0,69.61106872558594,-10.103858947753906
ISIC_0033375,-62.436485290527344,0,67.52377319335938,-9.147002220153809
ISIC_0032945,-63.01620101928711,0,66.71543884277344,-8.510987281799316
ISIC_0033982,-73.12959289550781,0,61.62324905395508,-3.524858236312866
ISIC_0032379,-88.33937072753906,0,74.28778839111328,-0.7041413187980652
ISIC_0029368,-84.1134262084961,0,75.67193603515625,-2.6468546390533447
ISIC_0028008,81.39443969726562,0,69.84774780273438,3.0036568641662598
ISIC_0026440,-71.12703704833984,0,74.59441375732422,-8.407586097717285
ISIC_0032273,87.4532241821289,0,95.4884033203125,2.023271083831787
ISIC_0031299,-76.70989227294922,0,77.82774353027344,-6.573127269744873
ISIC_0028438,-78.54362487792969,0,73.11619567871094,-4.68471097946167
ISIC_0027924,-87.30140686035156,0,89.87760162353516,-1.8795948028564453
ISIC_0029041,-77.3991928100586,1,64.56521606445312,-3.255925416946411
ISIC_0031040,89.68317413330078,1,73.05472564697266,0.12748490273952484
ISIC_0031191,81.73513793945312,1,83.41783142089844,4.854200839996338
ISIC_0030242,83.18842315673828,1,67.78971862792969,2.1249399185180664
ISIC_0024843,68.60604095458984,1,82.04647064208984,12.554977416992188
ISIC_0030602,65.91618347167969,1,67.36711120605469,7.762794494628906
ISIC_0025539,88.44892120361328,1,85.65547180175781,0.9654781818389893
ISIC_0031043,81.71100616455078,1,67.37899017333984,2.531909465789795
ISIC_0027678,63.16999053955078,1,71.22061920166016,10.733257293701172
ISIC_0026625,-69.63130187988281,1,73.9817886352539,-8.903831481933594
ISIC_0031044,69.78495025634766,1,63.504581451416016,4.972743511199951
ISIC_0025712,-67.30071258544922,1,65.82234954833984,-6.6184000968933105
ISIC_0025358,65.73994445800781,1,78.06278228759766,12.647281646728516
ISIC_0027650,-84.99820709228516,1,59.260536193847656,-0.8104832768440247
ISIC_0030375,-64.36927795410156,1,64.21029663085938,-6.817804336547852
ISIC_0031570,-87.71159362792969,1,75.86754608154297,-1.0337034463882446
ISIC_0024418,-88.88697814941406,1,76.09577178955078,-0.5069949626922607
ISIC_0027343,79.2878189086914,1,80.23654174804688,5.719910144805908
ISIC_0032277,79.51730346679688,1,76.30990600585938,4.868031024932861
ISIC_0026014,53.83259582519531,1,69.19818115234375,14.034177780151367
ISIC_0026149,63.85107803344727,1,68.0312271118164,8.85250473022461
ISIC_0025992,52.51239776611328,1,67.88849639892578,13.720175743103027
ISIC_0026525,59.11205291748047,1,71.57758331298828,12.907752990722656
ISIC_0026709,-84.49470520019531,1,72.38153839111328,-2.157181739807129
ISIC_0028224,75.49201202392578,1,76.01331329345703,6.731367111206055
ISIC_0030549,62.30746841430664,1,67.66642761230469,9.272144317626953
ISIC_0025029,86.30572509765625,1,65.5030288696289,1.0009791851043701
ISIC_0026388,-88.31013488769531,1,64.30152893066406,-0.4219258427619934
ISIC_0026132,-78.08820343017578,1,68.86695098876953,-3.9799463748931885
ISIC_0025790,80.41584777832031,1,65.26905822753906,2.5782222747802734
ISIC_0024923,68.49420928955078,1,67.5779800415039,6.926205158233643
ISIC_0028335,-82.02105712890625,1,73.31710815429688,-3.268266201019287
ISIC_0030344,-76.09893035888672,1,74.80593872070312,-6.139339447021484
ISIC_0025427,79.25800323486328,1,72.51829528808594,4.271971702575684
ISIC_0026702,84.54237365722656,1,62.909095764160156,1.233367919921875
ISIC_0027452,82.0663833618164,1,76.55591583251953,3.700819253921509
ISIC_0026984,76.60002899169922,1,72.2099380493164,5.291139125823975
ISIC_0032206,61.6499252319336,1,67.83261108398438,9.621986389160156
ISIC_0033866,-85.38231658935547,1,71.46283721923828,-1.7335231304168701
ISIC_0027254,66.66162872314453,1,70.05353546142578,8.65234088897705
ISIC_0026194,85.34866333007812,1,76.90718078613281,2.18916392326355
ISIC_0027588,76.22354125976562,1,66.53670501708984,4.054600715637207
ISIC_0033811,-78.70399475097656,1,61.62413024902344,-2.321885347366333
ISIC_0033358,-79.26760864257812,1,71.8094482421875,-4.133708477020264
ISIC_0033151,-82.99729919433594,1,64.05338287353516,-1.7262094020843506
ISIC_0028619,84.56612396240234,1,64.932861328125,1.4204777479171753
ISIC_0033705,89.56049346923828,1,71.49962615966797,0.16492119431495667
ISIC_0032854,-85.15443420410156,1,71.14912414550781,-1.7928787469863892
